Date,Time,Open,High,Low,Close,Volume,<VOL>,<SPREAD>
2024-06-17,00:00:00,5502.0,5502.5,5500.25,5501.0,810,1808,0
2024-06-17,00:15:00,5501.25,5502.25,5501.0,5502.25,507,1005,25
2024-06-17,00:30:00,5502.25,5503.25,5501.25,5501.5,407,812,25
2024-06-17,00:45:00,5501.5,5502.5,5501.0,5501.0,439,1026,25
2024-06-17,01:00:00,5500.75,5501.0,5497.5,5497.75,715,1493,25
2024-06-17,01:15:00,5497.5,5498.75,5497.25,5497.75,398,865,25
2024-06-17,01:30:00,5498.0,5500.0,5498.0,5498.75,436,903,25
2024-06-17,01:45:00,5499.25,5500.75,5499.25,5500.0,349,846,25
2024-06-17,02:00:00,5500.0,5501.75,5499.5,5501.25,508,1142,25
2024-06-17,02:15:00,5501.25,5501.5,5498.5,5499.0,416,947,25
2024-06-17,02:30:00,5499.0,5501.25,5498.75,5500.5,384,890,25
2024-06-17,02:45:00,5500.5,5500.5,5499.0,5499.25,173,388,25
2024-06-17,03:00:00,5499.5,5500.5,5499.25,5500.0,243,539,25
2024-06-17,03:15:00,5500.0,5500.75,5500.0,5500.75,125,257,25
2024-06-17,03:30:00,5500.75,5501.5,5500.0,5500.5,316,746,25
2024-06-17,03:45:00,5500.5,5501.75,5500.0,5500.5,227,506,25
2024-06-17,04:00:00,5500.5,5502.0,5500.5,5500.75,189,420,25
2024-06-17,04:15:00,5500.75,5501.25,5500.25,5500.25,123,246,25
2024-06-17,04:30:00,5500.25,5500.25,5499.5,5500.0,227,544,0
2024-06-17,04:45:00,5499.75,5500.0,5498.5,5498.75,174,344,0
2024-06-17,05:00:00,5499.0,5499.75,5498.0,5499.5,250,589,25
2024-06-17,05:15:00,5499.5,5500.5,5499.5,5500.5,238,520,25
2024-06-17,05:30:00,5500.5,5503.0,5500.25,5502.25,515,1164,25
2024-06-17,05:45:00,5502.5,5503.0,5501.0,5502.0,439,1248,25
2024-06-17,06:00:00,5502.25,5502.5,5496.5,5498.75,1719,4144,25
2024-06-17,06:15:00,5499.0,5502.25,5497.25,5501.25,1111,2818,0
2024-06-17,06:30:00,5501.25,5505.0,5500.75,5503.25,1272,2907,25
2024-06-17,06:45:00,5503.25,5504.75,5502.75,5503.5,686,1716,0
2024-06-17,07:00:00,5503.5,5507.0,5502.25,5506.75,2222,6048,25
2024-06-17,07:15:00,5506.5,5509.0,5505.75,5507.25,1992,5600,0
2024-06-17,07:30:00,5507.25,5509.25,5503.75,5504.25,1545,4356,25
2024-06-17,07:45:00,5504.25,5505.75,5503.5,5504.75,1037,2922,25
2024-06-17,08:00:00,5504.5,5508.0,5503.0,5507.5,1311,3627,25
2024-06-17,08:15:00,5507.25,5509.25,5503.25,5503.75,1348,3789,25
2024-06-17,08:30:00,5503.75,5503.75,5496.0,5497.5,2327,6520,0
2024-06-17,08:45:00,5497.25,5499.5,5496.25,5498.75,1507,4652,25
2024-06-17,09:00:00,5498.25,5501.0,5497.25,5498.75,1325,3903,0
2024-06-17,09:15:00,5498.75,5500.75,5498.25,5499.75,513,1421,25
2024-06-17,09:30:00,5499.75,5500.75,5499.25,5499.75,739,1896,25
2024-06-17,09:45:00,5499.5,5501.0,5499.25,5499.5,698,1997,25
2024-06-17,10:00:00,5499.5,5500.25,5495.25,5496.5,1160,3366,25
2024-06-17,10:15:00,5496.25,5496.5,5493.0,5493.5,1333,3313,0
2024-06-17,10:30:00,5493.5,5496.75,5493.5,5496.5,735,1848,25
2024-06-17,10:45:00,5496.75,5497.75,5495.25,5497.5,876,2306,25
2024-06-17,11:00:00,5497.5,5499.75,5497.25,5499.5,1103,2995,25
2024-06-17,11:15:00,5499.25,5502.5,5499.25,5502.0,1422,4172,0
2024-06-17,11:30:00,5502.25,5502.5,5499.0,5500.5,1341,3565,0
2024-06-17,11:45:00,5500.75,5502.0,5500.0,5501.0,924,2423,25
2024-06-17,12:00:00,5501.0,5503.25,5498.75,5502.0,1826,4047,25
2024-06-17,12:15:00,5501.75,5502.5,5499.5,5499.75,1403,3196,0
2024-06-17,12:30:00,5499.75,5500.0,5494.25,5496.75,2896,7583,0
2024-06-17,12:45:00,5496.5,5498.75,5494.25,5497.25,2160,5020,0
2024-06-17,13:00:00,5497.0,5497.75,5495.0,5495.75,1597,3490,25
2024-06-17,13:15:00,5495.75,5496.5,5494.75,5495.0,1506,3686,25
2024-06-17,13:30:00,5495.0,5497.5,5490.75,5495.75,11971,36426,0
2024-06-17,13:45:00,5496.0,5498.75,5489.75,5494.75,11308,36040,0
2024-06-17,14:00:00,5495.0,5501.75,5492.75,5499.0,9034,32753,0
2024-06-17,14:15:00,5499.25,5503.0,5494.75,5497.25,9293,33903,0
2024-06-17,14:30:00,5497.5,5502.5,5496.25,5501.25,6854,23818,0
2024-06-17,14:45:00,5501.25,5504.5,5499.0,5503.75,6152,21306,0
2024-06-17,15:00:00,5504.0,5511.0,5503.75,5510.5,8291,22896,0
2024-06-17,15:15:00,5510.5,5515.0,5510.25,5513.0,6191,17098,0
2024-06-17,15:30:00,5513.25,5513.75,5509.5,5512.5,4190,11097,0
2024-06-17,15:45:00,5513.0,5514.0,5509.5,5511.75,4411,12475,0
2024-06-17,16:00:00,5511.5,5516.5,5511.25,5515.5,4055,10635,0
2024-06-17,16:15:00,5515.75,5529.5,5515.5,5529.25,8829,25008,25
2024-06-17,16:30:00,5529.5,5530.25,5526.75,5528.5,5614,16761,0
2024-06-17,16:45:00,5528.5,5534.5,5528.25,5529.5,6773,18098,0
2024-06-17,17:00:00,5529.5,5533.75,5529.5,5533.25,3189,8764,0
2024-06-17,17:15:00,5533.25,5541.25,5533.0,5539.25,7157,18765,0
2024-06-17,17:30:00,5539.5,5549.5,5538.75,5545.5,8944,23850,0
2024-06-17,17:45:00,5545.75,5551.5,5545.5,5550.5,4815,12907,25
2024-06-17,18:00:00,5550.5,5561.25,5550.0,5550.0,10942,30842,0
2024-06-17,18:15:00,5550.0,5558.5,5549.5,5556.5,7648,20262,25
2024-06-17,18:30:00,5556.75,5558.25,5554.0,5554.0,4743,14093,0
2024-06-17,18:45:00,5554.25,5555.25,5551.0,5554.25,4569,11961,25
2024-06-17,19:00:00,5554.0,5556.75,5551.25,5556.5,4745,12733,25
2024-06-17,19:15:00,5556.25,5560.5,5554.75,5559.5,5840,15789,0
2024-06-17,19:30:00,5559.5,5559.75,5554.75,5555.0,5123,14591,0
2024-06-17,19:45:00,5555.0,5555.25,5544.25,5547.75,14670,35681,0
2024-06-17,20:00:00,5547.75,5548.0,5542.75,5545.25,4603,11585,0
2024-06-17,20:15:00,5545.5,5547.75,5545.5,5547.75,794,1603,25
2024-06-17,20:30:00,5547.5,5548.0,5546.75,5547.5,550,1142,25
2024-06-17,20:45:00,5547.5,5547.75,5546.0,5547.25,612,1343,25
2024-06-17,22:00:00,5547.25,5552.75,5545.5,5551.25,1240,2236,25
2024-06-17,22:15:00,5551.25,5554.0,5551.25,5552.75,789,1379,25
2024-06-17,22:30:00,5552.75,5552.75,5550.75,5552.25,703,1264,25
2024-06-17,22:45:00,5552.25,5552.5,5551.0,5551.5,257,428,25
2024-06-17,23:00:00,5551.75,5552.25,5549.5,5550.0,659,1219,25
2024-06-17,23:15:00,5550.0,5553.75,5549.25,5552.25,774,1445,25
2024-06-17,23:30:00,5552.5,5553.75,5552.0,5552.0,366,665,25
2024-06-17,23:45:00,5552.5,5553.0,5551.75,5552.0,339,610,25
2024-06-18,00:00:00,5552.0,5552.5,5550.0,5550.0,712,1382,25
2024-06-18,00:15:00,5550.25,5550.75,5549.25,5549.25,565,1118,25
2024-06-18,00:30:00,5549.25,5550.0,5546.75,5550.0,1137,2304,0
2024-06-18,00:45:00,5550.0,5550.0,5547.75,5547.75,776,1702,25
2024-06-18,01:00:00,5547.75,5547.75,5544.0,5545.0,1067,2098,25
2024-06-18,01:15:00,5545.0,5546.0,5543.5,5545.25,590,1129,0
2024-06-18,01:30:00,5545.25,5547.5,5544.5,5544.5,692,1425,25
2024-06-18,01:45:00,5544.5,5545.75,5541.75,5543.5,776,1434,25
2024-06-18,02:00:00,5543.25,5546.25,5543.25,5545.75,504,916,25
2024-06-18,02:15:00,5546.0,5546.25,5544.75,5545.5,290,538,25
2024-06-18,02:30:00,5545.75,5546.5,5545.25,5545.75,268,475,25
2024-06-18,02:45:00,5545.75,5546.5,5544.75,5546.25,280,499,25
2024-06-18,03:00:00,5546.0,5547.25,5545.5,5547.25,365,712,25
2024-06-18,03:15:00,5547.25,5548.5,5547.0,5547.75,687,1223,25
2024-06-18,03:30:00,5547.5,5547.75,5545.5,5546.25,714,1091,25
2024-06-18,03:45:00,5546.25,5546.25,5545.5,5546.25,261,456,25
2024-06-18,04:00:00,5546.25,5547.0,5546.0,5546.25,173,336,25
2024-06-18,04:15:00,5546.25,5546.5,5544.75,5545.0,336,649,25
2024-06-18,04:30:00,5544.75,5545.25,5543.75,5545.25,251,447,25
2024-06-18,04:45:00,5545.0,5545.5,5544.25,5544.5,226,476,25
2024-06-18,05:00:00,5544.5,5545.25,5543.5,5545.25,282,576,25
2024-06-18,05:15:00,5545.0,5546.5,5545.0,5546.25,286,558,0
2024-06-18,05:30:00,5546.5,5547.5,5546.0,5546.5,279,537,25
2024-06-18,05:45:00,5546.25,5548.0,5545.75,5548.0,240,430,25
2024-06-18,06:00:00,5548.0,5549.25,5547.5,5547.5,613,1160,25
2024-06-18,06:15:00,5547.25,5549.75,5547.0,5547.25,687,1368,0
2024-06-18,06:30:00,5547.5,5549.25,5547.0,5548.0,591,1477,25
2024-06-18,06:45:00,5548.25,5548.25,5546.0,5547.5,598,1367,0
2024-06-18,07:00:00,5547.5,5549.5,5545.5,5548.25,1093,3541,0
2024-06-18,07:15:00,5548.75,5549.0,5545.25,5546.5,990,2877,25
2024-06-18,07:30:00,5546.25,5548.75,5546.0,5547.75,820,2345,25
2024-06-18,07:45:00,5547.75,5548.25,5543.25,5543.75,1137,2928,25
2024-06-18,08:00:00,5543.5,5546.25,5543.5,5544.0,1076,3088,25
2024-06-18,08:15:00,5544.25,5545.0,5541.5,5542.0,1049,2497,25
2024-06-18,08:30:00,5542.25,5545.5,5542.0,5544.75,1091,2967,0
2024-06-18,08:45:00,5545.0,5548.0,5544.5,5545.75,1112,3057,0
2024-06-18,09:00:00,5545.75,5551.0,5545.75,5550.75,1159,2986,0
2024-06-18,09:15:00,5550.5,5551.25,5546.5,5546.5,1013,2767,25
2024-06-18,09:30:00,5546.75,5548.5,5545.25,5547.75,688,1762,0
2024-06-18,09:45:00,5547.75,5549.75,5547.5,5548.25,586,1466,25
2024-06-18,10:00:00,5548.0,5548.5,5544.75,5547.25,835,2039,0
2024-06-18,10:15:00,5547.0,5550.25,5546.5,5549.75,710,1706,0
2024-06-18,10:30:00,5549.75,5551.0,5547.5,5548.0,819,2134,25
2024-06-18,10:45:00,5548.0,5548.75,5545.25,5546.0,1012,2448,0
2024-06-18,11:00:00,5546.0,5546.25,5544.5,5545.75,1149,2521,25
2024-06-18,11:15:00,5545.75,5546.25,5544.25,5545.5,989,1960,0
2024-06-18,11:30:00,5545.75,5545.75,5544.25,5545.5,736,1889,25
2024-06-18,11:45:00,5545.25,5546.5,5544.75,5545.75,800,2038,0
2024-06-18,12:00:00,5545.75,5549.0,5545.5,5546.5,1332,3436,0
2024-06-18,12:15:00,5546.25,5552.5,5546.25,5552.5,1496,3455,25
2024-06-18,12:30:00,5552.5,5554.0,5542.5,5543.5,9069,16324,0
2024-06-18,12:45:00,5543.75,5546.0,5543.25,5545.5,2286,5337,25
2024-06-18,13:00:00,5545.5,5545.75,5542.25,5545.25,3011,6838,25
2024-06-18,13:15:00,5545.0,5548.75,5544.5,5547.25,3593,8788,0
2024-06-18,13:30:00,5547.25,5558.5,5547.0,5554.75,16689,52423,0
2024-06-18,13:45:00,5555.0,5557.0,5551.0,5551.75,11755,39736,0
2024-06-18,14:00:00,5552.0,5555.5,5550.75,5554.25,7936,29046,0
2024-06-18,14:15:00,5554.5,5555.25,5548.0,5550.5,9881,30890,0
2024-06-18,14:30:00,5550.25,5556.25,5548.5,5549.0,9916,32323,0
2024-06-18,14:45:00,5548.75,5551.5,5545.5,5547.5,8391,26222,0
2024-06-18,15:00:00,5547.5,5550.0,5543.5,5545.0,8276,25114,0
2024-06-18,15:15:00,5545.0,5547.75,5545.0,5546.5,5873,19950,25
2024-06-18,15:30:00,5546.5,5552.0,5545.75,5551.75,5878,20088,0
2024-06-18,15:45:00,5551.75,5554.5,5550.75,5554.0,5530,18668,0
2024-06-18,16:00:00,5554.25,5557.0,5552.75,5553.0,5660,17459,0
2024-06-18,16:15:00,5553.25,5554.5,5549.5,5549.75,5297,15829,0
2024-06-18,16:30:00,5549.75,5553.0,5548.25,5551.5,4825,15972,0
2024-06-18,16:45:00,5551.75,5555.5,5549.75,5554.25,4017,12664,0
2024-06-18,17:00:00,5554.25,5555.5,5550.5,5554.75,5750,18457,0
2024-06-18,17:15:00,5554.75,5558.0,5553.0,5556.5,5038,19501,0
2024-06-18,17:30:00,5556.5,5559.5,5554.5,5558.0,4063,14715,0
2024-06-18,17:45:00,5558.0,5562.25,5556.5,5557.0,6197,19856,25
2024-06-18,18:00:00,5557.25,5557.5,5546.5,5554.0,11264,33102,0
2024-06-18,18:15:00,5554.0,5555.75,5550.0,5553.25,6829,21677,0
2024-06-18,18:30:00,5553.5,5555.0,5551.25,5553.0,4039,15098,25
2024-06-18,18:45:00,5553.0,5556.5,5552.75,5556.5,3375,11486,0
2024-06-18,19:00:00,5556.5,5556.75,5550.0,5553.0,5874,19139,0
2024-06-18,19:15:00,5552.75,5557.0,5552.5,5555.0,4727,18483,25
2024-06-18,19:30:00,5555.25,5558.5,5553.25,5555.75,5425,19179,0
2024-06-18,19:45:00,5555.75,5561.75,5553.25,5561.5,12591,43746,0
2024-06-18,20:00:00,5561.75,5562.75,5557.5,5562.25,3564,10058,0
2024-06-18,20:15:00,5562.25,5562.5,5560.75,5562.0,675,1586,25
2024-06-18,20:30:00,5561.75,5562.25,5561.0,5561.5,473,816,0
2024-06-18,20:45:00,5561.5,5562.25,5561.0,5562.25,474,931,25
2024-06-18,22:00:00,5561.0,5563.5,5560.0,5563.25,997,1420,25
2024-06-18,22:15:00,5563.0,5564.0,5562.75,5563.5,336,425,25
2024-06-18,22:30:00,5563.25,5567.0,5563.0,5566.25,976,1419,0
2024-06-18,22:45:00,5566.25,5567.0,5565.5,5566.0,380,592,25
2024-06-18,23:00:00,5566.0,5566.0,5565.0,5566.0,257,413,25
2024-06-18,23:15:00,5565.75,5565.75,5564.0,5564.5,342,549,25
2024-06-18,23:30:00,5564.5,5564.75,5563.5,5564.75,295,440,25
2024-06-18,23:45:00,5564.75,5565.25,5564.5,5564.5,219,319,25
2024-06-19,00:00:00,5564.5,5564.75,5562.75,5562.75,464,774,25
2024-06-19,00:15:00,5562.75,5563.25,5560.25,5560.5,724,1262,25
2024-06-19,00:30:00,5560.75,5562.0,5560.5,5561.75,374,653,25
2024-06-19,00:45:00,5562.0,5562.0,5560.5,5561.0,264,524,25
2024-06-19,01:00:00,5560.75,5561.75,5560.5,5560.5,254,510,25
2024-06-19,01:15:00,5560.5,5561.25,5560.5,5560.75,184,322,25
2024-06-19,01:30:00,5560.5,5562.25,5560.5,5562.25,317,657,25
2024-06-19,01:45:00,5562.0,5562.5,5560.25,5561.0,294,490,25
2024-06-19,02:00:00,5561.25,5561.75,5561.0,5561.0,216,434,25
2024-06-19,02:15:00,5561.25,5561.75,5561.25,5561.25,116,201,25
2024-06-19,02:30:00,5561.75,5563.25,5561.75,5562.25,257,491,25
2024-06-19,02:45:00,5562.5,5562.75,5561.5,5561.5,209,357,0
2024-06-19,03:00:00,5561.75,5563.0,5561.5,5562.25,189,300,25
2024-06-19,03:15:00,5562.5,5562.5,5561.0,5561.75,399,705,25
2024-06-19,03:30:00,5562.0,5562.0,5561.25,5561.25,95,173,25
2024-06-19,03:45:00,5561.25,5561.25,5560.25,5561.25,182,307,25
2024-06-19,04:00:00,5561.25,5562.0,5561.0,5561.25,127,250,25
2024-06-19,04:15:00,5561.25,5561.25,5560.25,5560.75,151,271,25
2024-06-19,04:30:00,5560.75,5560.75,5560.0,5560.25,190,327,0
2024-06-19,04:45:00,5560.0,5560.5,5559.75,5560.5,155,264,25
2024-06-19,05:00:00,5560.75,5561.25,5560.25,5560.75,217,446,25
2024-06-19,05:15:00,5560.5,5561.0,5560.25,5560.5,178,335,25
2024-06-19,05:30:00,5560.5,5562.0,5560.5,5562.0,219,415,25
2024-06-19,05:45:00,5562.25,5563.75,5562.0,5563.0,419,758,0
2024-06-19,06:00:00,5563.0,5564.5,5562.75,5563.25,770,1536,0
2024-06-19,06:15:00,5563.25,5564.0,5562.75,5563.75,388,767,25
2024-06-19,06:30:00,5563.5,5565.5,5563.25,5563.75,641,1195,25
2024-06-19,06:45:00,5563.75,5564.25,5563.25,5563.75,385,763,25
2024-06-19,07:00:00,5563.75,5565.5,5562.75,5564.25,792,1739,25
2024-06-19,07:15:00,5564.0,5564.0,5560.75,5562.75,844,1868,25
2024-06-19,07:30:00,5562.5,5564.0,5561.0,5562.25,845,1931,25
2024-06-19,07:45:00,5562.25,5564.25,5562.0,5563.75,464,1013,0
2024-06-19,08:00:00,5563.75,5565.25,5563.5,5564.0,553,1315,25
2024-06-19,08:15:00,5564.0,5564.0,5562.5,5563.0,364,762,25
2024-06-19,08:30:00,5563.0,5563.75,5562.0,5562.75,670,1425,25
2024-06-19,08:45:00,5562.5,5563.5,5561.75,5562.75,521,1243,25
2024-06-19,09:00:00,5562.5,5565.5,5562.25,5565.0,878,1560,25
2024-06-19,09:15:00,5564.75,5565.25,5564.25,5564.5,304,754,25
2024-06-19,09:30:00,5564.5,5565.0,5563.0,5563.5,410,1039,25
2024-06-19,09:45:00,5563.5,5565.0,5563.5,5564.25,338,789,25
2024-06-19,10:00:00,5564.25,5564.75,5563.0,5563.25,499,1202,25
2024-06-19,10:15:00,5563.5,5564.5,5563.25,5563.5,377,918,25
2024-06-19,10:30:00,5563.5,5564.75,5563.5,5564.5,360,844,25
2024-06-19,10:45:00,5564.75,5565.75,5564.5,5565.75,459,952,25
2024-06-19,11:00:00,5565.5,5566.25,5564.25,5564.75,520,1135,25
2024-06-19,11:15:00,5565.0,5565.25,5563.75,5565.25,325,700,25
2024-06-19,11:30:00,5565.25,5566.0,5564.5,5565.25,416,922,25
2024-06-19,11:45:00,5565.25,5566.5,5564.0,5564.5,589,1404,25
2024-06-19,12:00:00,5564.75,5564.75,5564.0,5564.5,260,593,25
2024-06-19,12:15:00,5564.25,5564.75,5563.5,5564.25,487,1044,25
2024-06-19,12:30:00,5564.25,5565.0,5563.75,5564.25,442,858,0
2024-06-19,12:45:00,5564.25,5565.25,5563.75,5564.0,593,944,25
2024-06-19,13:00:00,5564.0,5565.25,5563.75,5565.0,593,935,25
2024-06-19,13:15:00,5565.0,5565.75,5564.5,5565.5,710,1280,0
2024-06-19,13:30:00,5566.0,5566.5,5564.25,5565.5,1363,2781,25
2024-06-19,13:45:00,5565.25,5565.5,5563.25,5563.75,999,2637,0
2024-06-19,14:00:00,5563.75,5564.75,5563.0,5563.5,1167,3373,0
2024-06-19,14:15:00,5563.5,5563.5,5561.5,5561.75,1051,2572,25
2024-06-19,14:30:00,5561.75,5563.5,5560.0,5563.25,1537,3630,25
2024-06-19,14:45:00,5563.25,5564.0,5562.5,5563.0,811,2097,25
2024-06-19,15:00:00,5563.0,5563.5,5562.25,5563.5,426,1115,25
2024-06-19,15:15:00,5563.25,5563.75,5562.25,5562.75,405,1216,0
2024-06-19,15:30:00,5562.75,5563.75,5562.5,5563.25,271,713,25
2024-06-19,15:45:00,5563.25,5563.75,5562.5,5563.25,333,1089,25
2024-06-19,16:00:00,5563.25,5563.25,5561.5,5562.5,365,861,25
2024-06-19,16:15:00,5562.25,5562.5,5561.5,5562.0,279,638,25
2024-06-19,16:30:00,5562.25,5562.25,5561.5,5562.0,217,411,25
2024-06-19,16:45:00,5562.0,5562.25,5561.25,5561.75,476,899,25
2024-06-19,22:00:00,5561.5,5564.0,5561.25,5562.5,782,1180,25
2024-06-19,22:15:00,5562.5,5563.25,5561.25,5562.25,487,1020,25
2024-06-19,22:30:00,5562.25,5562.75,5561.25,5561.75,488,880,25
2024-06-19,22:45:00,5561.75,5562.0,5561.0,5561.25,266,476,25
2024-06-19,23:00:00,5561.25,5562.5,5560.75,5562.25,357,563,25
2024-06-19,23:15:00,5562.0,5562.75,5561.75,5562.75,171,287,25
2024-06-19,23:30:00,5562.5,5563.25,5562.25,5562.25,195,286,25
2024-06-19,23:45:00,5562.0,5563.25,5562.0,5563.0,214,338,25
2024-06-20,00:00:00,5563.0,5564.5,5562.75,5564.0,467,729,0
2024-06-20,00:15:00,5564.25,5564.75,5563.75,5564.5,396,703,25
2024-06-20,00:30:00,5564.75,5565.25,5564.25,5564.25,316,542,0
2024-06-20,00:45:00,5564.5,5566.75,5564.5,5566.0,787,1548,25
2024-06-20,01:00:00,5566.0,5567.5,5566.0,5566.75,609,1060,25
2024-06-20,01:15:00,5566.75,5567.25,5566.0,5567.25,302,546,25
2024-06-20,01:30:00,5567.25,5568.5,5566.75,5568.25,642,1167,25
2024-06-20,01:45:00,5568.5,5568.75,5567.25,5567.5,398,713,25
2024-06-20,02:00:00,5567.25,5567.5,5566.5,5567.0,380,713,25
2024-06-20,02:15:00,5567.0,5567.5,5566.5,5567.25,149,282,25
2024-06-20,02:30:00,5567.25,5567.5,5565.75,5565.75,421,768,25
2024-06-20,02:45:00,5565.75,5566.5,5565.25,5566.0,321,581,25
2024-06-20,03:00:00,5566.25,5567.5,5566.25,5567.0,277,498,25
2024-06-20,03:15:00,5567.25,5567.25,5565.75,5566.25,276,555,25
2024-06-20,03:30:00,5566.25,5567.5,5566.0,5567.5,228,489,25
2024-06-20,03:45:00,5567.5,5571.75,5567.5,5571.0,1691,2997,25
2024-06-20,04:00:00,5571.0,5571.5,5570.25,5571.0,552,1093,25
2024-06-20,04:15:00,5571.25,5573.0,5571.0,5572.25,674,1282,25
2024-06-20,04:30:00,5572.0,5573.5,5572.0,5573.25,575,1187,0
2024-06-20,04:45:00,5573.5,5575.0,5572.0,5574.0,798,1533,25
2024-06-20,05:00:00,5573.75,5578.5,5573.5,5576.5,1531,2995,0
2024-06-20,05:15:00,5576.5,5576.75,5575.25,5576.0,605,1161,0
2024-06-20,05:30:00,5576.0,5578.75,5576.0,5578.5,535,884,25
2024-06-20,05:45:00,5578.5,5578.75,5577.0,5577.5,386,612,25
2024-06-20,06:00:00,5577.5,5578.5,5575.5,5577.25,957,1687,25
2024-06-20,06:15:00,5577.25,5578.25,5576.5,5577.75,830,1762,0
2024-06-20,06:30:00,5577.75,5577.75,5575.0,5575.75,695,1443,0
2024-06-20,06:45:00,5575.75,5577.0,5575.25,5575.5,489,1009,25
2024-06-20,07:00:00,5575.5,5579.75,5575.25,5579.25,1436,3102,25
2024-06-20,07:15:00,5579.0,5583.0,5579.0,5582.75,1653,3264,0
2024-06-20,07:30:00,5582.5,5587.75,5581.75,5582.0,2273,4625,0
2024-06-20,07:45:00,5582.0,5582.25,5578.0,5580.75,1380,2757,0
2024-06-20,08:00:00,5580.5,5582.5,5579.0,5581.0,1326,3001,0
2024-06-20,08:15:00,5581.0,5581.75,5579.5,5580.0,811,1790,25
2024-06-20,08:30:00,5579.75,5580.5,5578.0,5580.25,1165,2666,25
2024-06-20,08:45:00,5580.5,5582.25,5579.5,5581.75,915,2054,25
2024-06-20,09:00:00,5582.0,5583.0,5581.0,5581.25,904,2041,25
2024-06-20,09:15:00,5581.5,5582.0,5579.0,5582.0,946,2087,0
2024-06-20,09:30:00,5581.75,5582.5,5579.25,5580.25,981,2380,25
2024-06-20,09:45:00,5580.25,5582.75,5580.0,5582.0,930,2251,25
2024-06-20,10:00:00,5582.25,5582.75,5580.5,5582.0,561,1181,25
2024-06-20,10:15:00,5582.25,5583.75,5581.5,5583.25,839,1974,25
2024-06-20,10:30:00,5583.25,5584.0,5582.25,5583.5,812,2073,25
2024-06-20,10:45:00,5583.5,5583.5,5581.75,5582.0,576,1386,25
2024-06-20,11:00:00,5581.75,5584.5,5580.5,5582.25,1399,2781,25
2024-06-20,11:15:00,5582.25,5583.0,5581.0,5582.25,853,1798,0
2024-06-20,11:30:00,5582.25,5582.5,5580.0,5580.5,1044,2216,25
2024-06-20,11:45:00,5580.75,5581.0,5577.5,5579.25,1752,3508,25
2024-06-20,12:00:00,5579.0,5581.25,5575.5,5575.75,1994,3696,25
2024-06-20,12:15:00,5576.0,5580.0,5575.5,5579.75,1357,2362,25
2024-06-20,12:30:00,5580.0,5581.0,5570.5,5572.25,5310,9116,25
2024-06-20,12:45:00,5572.0,5576.5,5570.25,5571.25,3909,6684,0
2024-06-20,13:00:00,5571.5,5573.0,5569.25,5571.25,2860,4814,25
2024-06-20,13:15:00,5571.0,5572.25,5569.0,5570.0,3015,5835,0
2024-06-20,13:30:00,5570.25,5575.25,5563.75,5575.0,18820,46246,0
2024-06-20,13:45:00,5575.0,5576.75,5569.5,5571.5,12837,31822,0
2024-06-20,14:00:00,5571.25,5573.25,5559.0,5561.75,19468,46767,0
2024-06-20,14:15:00,5561.75,5567.0,5559.0,5565.25,15036,35086,0
2024-06-20,14:30:00,5565.0,5568.75,5562.75,5565.25,10792,26092,0
2024-06-20,14:45:00,5565.0,5567.75,5561.5,5567.25,8347,20709,0
2024-06-20,15:00:00,5567.5,5570.75,5566.0,5569.25,7957,18779,0
2024-06-20,15:15:00,5569.25,5569.5,5561.75,5563.0,8602,20347,0
2024-06-20,15:30:00,5562.75,5566.5,5561.75,5564.25,6351,15868,0
2024-06-20,15:45:00,5564.25,5565.0,5558.0,5558.0,11767,28071,0
2024-06-20,16:00:00,5558.0,5561.0,5557.25,5560.0,8114,21267,25
2024-06-20,16:15:00,5560.0,5560.75,5543.25,5543.5,17377,42607,0
2024-06-20,16:30:00,5543.5,5545.5,5533.5,5542.75,23534,61797,0
2024-06-20,16:45:00,5543.0,5551.0,5542.5,5546.75,11671,30147,0
2024-06-20,17:00:00,5546.75,5546.75,5531.0,5540.0,16531,40302,0
2024-06-20,17:15:00,5540.25,5543.5,5532.0,5534.0,11368,28929,0
2024-06-20,17:30:00,5534.25,5540.5,5525.5,5539.75,17468,44035,0
2024-06-20,17:45:00,5539.75,5544.25,5536.0,5544.25,9978,25589,0
2024-06-20,18:00:00,5544.25,5553.5,5543.5,5549.75,12883,33074,0
2024-06-20,18:15:00,5549.5,5555.5,5548.25,5554.5,8663,22198,0
2024-06-20,18:30:00,5554.5,5556.0,5545.75,5547.5,11406,30077,0
2024-06-20,18:45:00,5547.5,5550.25,5545.0,5545.5,7937,21239,0
2024-06-20,19:00:00,5545.5,5546.75,5535.0,5542.75,15799,44695,0
2024-06-20,19:15:00,5542.75,5546.0,5531.5,5545.75,13222,35652,0
2024-06-20,19:30:00,5545.5,5549.5,5539.5,5546.0,13656,37831,0
2024-06-20,19:45:00,5545.75,5552.75,5541.0,5544.75,22160,67077,0
2024-06-20,20:00:00,5544.75,5546.0,5539.5,5541.0,6197,17504,0
2024-06-20,20:15:00,5540.75,5544.5,5540.75,5544.0,857,1998,25
2024-06-20,20:30:00,5544.25,5545.25,5544.0,5544.5,612,1392,25
2024-06-20,20:45:00,5544.5,5545.25,5543.75,5544.25,598,1145,25
2024-06-20,22:00:00,5544.0,5546.25,5543.0,5546.25,1021,1544,25
2024-06-20,22:15:00,5546.0,5546.75,5545.25,5545.75,496,826,25
2024-06-20,22:30:00,5545.75,5546.25,5544.75,5544.75,320,477,0
2024-06-20,22:45:00,5545.0,5545.5,5544.5,5545.5,235,344,25
2024-06-20,23:00:00,5545.5,5547.0,5545.0,5546.75,454,815,25
2024-06-20,23:15:00,5546.75,5548.0,5546.5,5547.5,411,676,25
2024-06-20,23:30:00,5547.25,5547.5,5545.25,5545.25,556,1031,25
2024-06-20,23:45:00,5545.5,5547.5,5544.75,5546.75,405,592,0
2024-06-21,00:00:00,5546.75,5547.75,5544.0,5544.75,741,1161,25
2024-06-21,00:15:00,5544.5,5545.75,5543.5,5544.25,698,1107,25
2024-06-21,00:30:00,5544.25,5545.5,5542.0,5542.5,663,1097,25
2024-06-21,00:45:00,5542.5,5543.75,5541.0,5541.5,706,1095,25
2024-06-21,01:00:00,5541.5,5543.25,5540.5,5541.0,642,945,25
2024-06-21,01:15:00,5541.25,5543.0,5540.5,5542.5,482,795,0
2024-06-21,01:30:00,5542.75,5543.25,5541.5,5543.0,410,746,25
2024-06-21,01:45:00,5543.25,5543.25,5541.0,5543.0,356,624,25
2024-06-21,02:00:00,5543.0,5543.5,5542.5,5543.0,336,625,25
2024-06-21,02:15:00,5543.0,5543.5,5542.5,5543.25,231,428,25
2024-06-21,02:30:00,5543.5,5546.0,5543.5,5545.75,646,1023,25
2024-06-21,02:45:00,5545.5,5546.25,5545.25,5546.0,272,435,25
2024-06-21,03:00:00,5546.0,5546.75,5545.75,5546.75,241,368,25
2024-06-21,03:15:00,5546.75,5547.5,5546.5,5547.0,308,467,25
2024-06-21,03:30:00,5547.0,5547.0,5545.75,5546.0,218,391,25
2024-06-21,03:45:00,5546.0,5546.0,5545.25,5545.5,202,303,25
2024-06-21,04:00:00,5545.5,5546.25,5545.0,5546.0,168,295,25
2024-06-21,04:15:00,5546.0,5547.5,5545.75,5547.25,292,542,25
2024-06-21,04:30:00,5547.25,5547.5,5546.5,5547.25,171,301,25
2024-06-21,04:45:00,5547.25,5548.25,5547.25,5548.25,245,474,25
2024-06-21,05:00:00,5548.0,5549.75,5547.5,5548.5,492,866,25
2024-06-21,05:15:00,5548.5,5549.75,5548.25,5549.5,245,462,25
2024-06-21,05:30:00,5549.5,5549.75,5548.5,5548.75,293,541,25
2024-06-21,05:45:00,5548.75,5549.5,5547.25,5549.0,559,1051,25
2024-06-21,06:00:00,5549.0,5550.75,5548.25,5550.5,781,1432,25
2024-06-21,06:15:00,5550.5,5550.75,5549.0,5549.25,574,1148,0
2024-06-21,06:30:00,5549.25,5550.25,5548.25,5548.75,468,869,25
2024-06-21,06:45:00,5548.75,5549.25,5546.5,5547.0,513,975,25
2024-06-21,07:00:00,5547.0,5547.25,5541.75,5543.5,1569,2879,25
2024-06-21,07:15:00,5543.75,5544.0,5539.25,5541.0,1733,3143,25
2024-06-21,07:30:00,5541.0,5541.25,5534.25,5540.5,2506,4403,25
2024-06-21,07:45:00,5540.5,5541.5,5536.25,5537.75,1480,2724,0
2024-06-21,08:00:00,5537.75,5539.75,5534.0,5534.25,2295,4428,25
2024-06-21,08:15:00,5534.5,5535.5,5530.5,5531.75,2915,5730,25
2024-06-21,08:30:00,5531.75,5532.75,5526.75,5532.0,2245,3904,25
2024-06-21,08:45:00,5532.25,5534.0,5529.0,5531.5,1699,2988,0
2024-06-21,09:00:00,5531.75,5533.75,5530.0,5530.0,1366,2664,25
2024-06-21,09:15:00,5530.0,5536.5,5529.0,5536.25,1859,3526,25
2024-06-21,09:30:00,5536.0,5538.5,5534.75,5537.25,1117,2106,25
2024-06-21,09:45:00,5537.25,5538.75,5535.0,5536.25,1383,2663,25
2024-06-21,10:00:00,5536.5,5539.0,5536.5,5537.75,938,1828,25
2024-06-21,10:15:00,5538.0,5540.0,5534.25,5534.75,1194,2157,25
2024-06-21,10:30:00,5534.75,5539.0,5531.25,5537.75,1842,3425,25
2024-06-21,10:45:00,5538.0,5538.5,5535.25,5537.75,1061,2046,25
2024-06-21,11:00:00,5538.0,5543.75,5537.5,5539.25,2248,4179,25
2024-06-21,11:15:00,5539.25,5543.0,5538.75,5542.0,1023,1853,25
2024-06-21,11:30:00,5541.75,5542.0,5538.75,5539.25,892,1519,25
2024-06-21,11:45:00,5539.25,5539.5,5533.5,5534.5,2236,4093,0
2024-06-21,12:00:00,5534.5,5536.75,5532.5,5534.0,2163,3515,0
2024-06-21,12:15:00,5533.75,5535.25,5530.5,5532.75,2430,4095,25
2024-06-21,12:30:00,5533.0,5540.0,5532.0,5539.75,3168,5270,0
2024-06-21,12:45:00,5539.75,5541.75,5539.0,5540.75,2241,3747,25
2024-06-21,13:00:00,5540.75,5542.0,5536.75,5541.5,3376,5617,0
2024-06-21,13:15:00,5541.5,5543.5,5530.75,5533.0,7511,14322,0
2024-06-21,13:30:00,5533.0,5538.0,5526.0,5527.75,22946,47577,0
2024-06-21,13:45:00,5527.75,5530.0,5519.5,5528.0,26785,52220,0
2024-06-21,14:00:00,5527.75,5535.5,5526.75,5535.5,17667,33746,0
2024-06-21,14:15:00,5535.5,5537.25,5529.5,5532.5,15199,32181,0
2024-06-21,14:30:00,5532.5,5533.5,5527.75,5529.0,12389,24544,0
2024-06-21,14:45:00,5529.25,5538.25,5529.0,5537.25,13730,28153,0
2024-06-21,15:00:00,5537.25,5541.5,5536.25,5537.5,10618,21713,0
2024-06-21,15:15:00,5537.75,5542.0,5532.25,5532.5,11325,22754,0
2024-06-21,15:30:00,5532.5,5536.5,5528.75,5535.5,11603,23775,0
2024-06-21,15:45:00,5535.5,5544.5,5534.75,5544.25,9908,20991,0
2024-06-21,16:00:00,5544.25,5545.75,5540.75,5540.75,8287,17377,25
2024-06-21,16:15:00,5541.0,5544.75,5539.0,5541.75,6509,13553,0
2024-06-21,16:30:00,5541.75,5542.5,5539.0,5539.0,4530,9818,0
2024-06-21,16:45:00,5539.25,5540.25,5533.5,5534.5,9377,19875,0
2024-06-21,17:00:00,5534.5,5537.5,5532.25,5535.25,6510,13456,25
2024-06-21,17:15:00,5535.25,5536.75,5527.5,5529.5,9287,19791,0
2024-06-21,17:30:00,5529.5,5530.75,5524.25,5527.25,8682,18990,0
2024-06-21,17:45:00,5527.0,5534.25,5527.0,5528.25,7402,15520,0
2024-06-21,18:00:00,5528.5,5532.75,5526.25,5531.25,6809,15067,0
2024-06-21,18:15:00,5531.25,5536.5,5531.25,5536.0,7414,16628,25
2024-06-21,18:30:00,5535.75,5536.0,5529.5,5531.75,6396,14034,25
2024-06-21,18:45:00,5531.5,5533.75,5528.5,5532.0,4943,11119,25
2024-06-21,19:00:00,5532.25,5537.75,5531.5,5534.0,6632,15049,0
2024-06-21,19:15:00,5534.0,5536.75,5532.5,5533.25,5239,11708,0
2024-06-21,19:30:00,5533.25,5537.5,5531.75,5535.25,7276,16046,25
2024-06-21,19:45:00,5535.0,5541.75,5530.0,5530.25,19806,42773,0
2024-06-21,20:00:00,5530.25,5539.0,5529.75,5538.25,5326,10461,25
2024-06-21,20:15:00,5538.25,5538.25,5536.0,5537.0,993,1643,25
2024-06-21,20:30:00,5537.0,5538.0,5536.5,5536.75,750,1364,25
2024-06-21,20:45:00,5536.5,5537.25,5536.0,5536.75,657,1155,25
2024-06-23,22:00:00,5538.25,5540.0,5536.25,5538.5,982,1642,25
2024-06-23,22:15:00,5538.25,5539.0,5537.5,5538.0,554,987,25
2024-06-23,22:30:00,5538.0,5538.75,5537.75,5538.0,450,761,25
2024-06-23,22:45:00,5538.0,5538.0,5537.0,5537.75,394,584,25
2024-06-23,23:00:00,5537.75,5539.5,5537.25,5539.25,538,842,25
2024-06-23,23:15:00,5539.0,5539.5,5538.5,5539.0,240,395,25
2024-06-23,23:30:00,5539.0,5539.25,5536.75,5537.25,471,802,0
2024-06-23,23:45:00,5537.5,5537.75,5536.25,5537.0,585,940,25
2024-06-24,00:00:00,5536.75,5537.0,5535.5,5536.0,607,902,25
2024-06-24,00:15:00,5535.75,5537.5,5535.75,5537.5,559,836,25
2024-06-24,00:30:00,5537.5,5538.25,5537.25,5538.0,360,557,25
2024-06-24,00:45:00,5538.0,5538.0,5536.25,5536.5,403,641,25
2024-06-24,01:00:00,5536.25,5537.0,5525.5,5527.75,2124,3912,0
2024-06-24,01:15:00,5528.0,5528.5,5520.0,5525.0,4853,8522,0
2024-06-24,01:30:00,5524.75,5525.75,5522.0,5524.5,1301,2004,25
2024-06-24,01:45:00,5524.75,5526.5,5524.0,5526.0,1033,1612,25
2024-06-24,02:00:00,5526.0,5527.0,5524.75,5525.0,730,1135,25
2024-06-24,02:15:00,5524.75,5526.75,5524.0,5525.75,718,1033,25
2024-06-24,02:30:00,5526.0,5528.0,5525.5,5525.75,721,1152,25
2024-06-24,02:45:00,5525.5,5525.75,5523.5,5525.0,628,942,25
2024-06-24,03:00:00,5525.0,5527.0,5524.75,5526.25,466,668,25
2024-06-24,03:15:00,5526.25,5527.75,5526.0,5527.75,361,552,25
2024-06-24,03:30:00,5527.75,5528.75,5527.75,5528.25,642,1066,25
2024-06-24,03:45:00,5528.0,5528.0,5526.5,5527.0,354,532,25
2024-06-24,04:00:00,5527.0,5527.5,5526.0,5527.0,289,453,25
2024-06-24,04:15:00,5527.0,5527.25,5525.5,5526.5,256,414,25
2024-06-24,04:30:00,5526.75,5529.25,5526.25,5528.0,493,858,25
2024-06-24,04:45:00,5527.75,5529.0,5527.75,5529.0,324,533,25
2024-06-24,05:00:00,5529.0,5533.25,5528.75,5532.0,1196,2245,25
2024-06-24,05:15:00,5532.25,5532.5,5531.5,5532.25,416,686,25
2024-06-24,05:30:00,5532.5,5533.5,5532.0,5532.75,327,500,25
2024-06-24,05:45:00,5533.0,5534.5,5533.0,5533.75,530,1023,25
2024-06-24,06:00:00,5534.0,5536.0,5533.25,5535.75,1017,1781,0
2024-06-24,06:15:00,5535.5,5537.0,5535.25,5535.75,938,1692,25
2024-06-24,06:30:00,5536.0,5536.75,5534.75,5535.0,612,1042,25
2024-06-24,06:45:00,5535.0,5536.25,5533.25,5535.25,903,1573,25
2024-06-24,07:00:00,5535.25,5538.25,5535.25,5536.25,1475,2848,25
2024-06-24,07:15:00,5536.25,5537.0,5533.75,5536.0,1075,2164,0
2024-06-24,07:30:00,5536.0,5540.5,5534.5,5539.75,1491,2880,25
2024-06-24,07:45:00,5539.75,5543.75,5538.5,5542.25,1871,3845,25
2024-06-24,08:00:00,5542.25,5544.5,5540.75,5544.0,1754,3548,25
2024-06-24,08:15:00,5544.0,5546.0,5543.25,5545.75,1149,2064,25
2024-06-24,08:30:00,5545.75,5545.75,5543.0,5544.5,1070,2182,25
2024-06-24,08:45:00,5544.5,5545.25,5541.5,5542.75,929,1764,25
2024-06-24,09:00:00,5542.25,5544.0,5541.5,5541.5,625,1137,25
2024-06-24,09:15:00,5541.5,5542.0,5540.0,5541.0,936,1714,25
2024-06-24,09:30:00,5540.75,5541.0,5536.75,5537.0,1397,2560,25
2024-06-24,09:45:00,5537.0,5537.0,5534.0,5537.0,1670,3148,25
2024-06-24,10:00:00,5537.0,5538.5,5535.75,5536.5,1002,1758,0
2024-06-24,10:15:00,5536.75,5539.0,5536.0,5539.0,933,1714,25
2024-06-24,10:30:00,5539.0,5540.75,5537.0,5540.25,1219,2271,25
2024-06-24,10:45:00,5540.0,5541.5,5538.75,5540.75,1058,2008,0
2024-06-24,11:00:00,5540.75,5542.75,5540.25,5541.5,1412,2234,25
2024-06-24,11:15:00,5541.75,5541.75,5537.0,5538.25,1387,2692,0
2024-06-24,11:30:00,5538.0,5540.75,5536.75,5540.25,1088,1933,25
2024-06-24,11:45:00,5540.5,5541.25,5536.5,5537.5,1426,2532,0
2024-06-24,12:00:00,5537.75,5537.75,5532.0,5534.25,2967,4961,25
2024-06-24,12:15:00,5534.25,5540.0,5533.0,5538.5,2306,3717,0
2024-06-24,12:30:00,5538.75,5539.0,5531.25,5533.25,3007,4927,25
2024-06-24,12:45:00,5533.25,5534.5,5531.25,5532.0,1969,3198,25
2024-06-24,13:00:00,5531.75,5532.5,5527.0,5527.5,3728,6044,25
2024-06-24,13:15:00,5527.75,5532.5,5527.25,5531.25,3857,6098,0
2024-06-24,13:30:00,5531.25,5533.75,5525.75,5527.25,16521,30659,0
2024-06-24,13:45:00,5527.25,5547.0,5526.25,5545.25,22058,47010,0
2024-06-24,14:00:00,5545.25,5558.5,5544.25,5554.25,23539,53665,0
2024-06-24,14:15:00,5554.25,5555.25,5541.25,5543.25,20710,46111,0
2024-06-24,14:30:00,5543.5,5552.5,5542.25,5543.0,18316,38414,0
2024-06-24,14:45:00,5543.0,5549.75,5535.5,5548.75,19826,41839,0
2024-06-24,15:00:00,5549.0,5551.25,5545.5,5550.0,11555,25155,0
2024-06-24,15:15:00,5550.25,5552.75,5544.25,5550.5,13506,28852,0
2024-06-24,15:30:00,5550.75,5552.0,5547.25,5549.0,8076,17149,0
2024-06-24,15:45:00,5549.25,5551.0,5545.75,5550.5,7065,15149,0
2024-06-24,16:00:00,5550.5,5551.5,5544.5,5545.5,6923,14931,0
2024-06-24,16:15:00,5545.75,5550.25,5545.5,5548.75,5197,11597,25
2024-06-24,16:30:00,5548.5,5551.0,5544.25,5545.5,5556,12543,0
2024-06-24,16:45:00,5545.5,5547.5,5537.0,5539.5,9270,20380,0
2024-06-24,17:00:00,5539.5,5541.75,5528.25,5530.25,16582,38020,0
2024-06-24,17:15:00,5530.0,5534.5,5528.5,5531.0,10350,23433,0
2024-06-24,17:30:00,5531.0,5534.0,5524.25,5529.75,12415,25446,0
2024-06-24,17:45:00,5529.75,5532.75,5526.25,5528.25,8018,16253,0
2024-06-24,18:00:00,5528.25,5529.25,5523.5,5524.75,8810,18954,0
2024-06-24,18:15:00,5524.75,5528.25,5522.5,5526.0,10339,23673,0
2024-06-24,18:30:00,5526.0,5530.25,5523.25,5528.5,7665,15826,0
2024-06-24,18:45:00,5528.75,5534.5,5528.25,5530.5,8947,19443,0
2024-06-24,19:00:00,5530.5,5535.0,5529.5,5531.75,7654,17373,0
2024-06-24,19:15:00,5532.0,5532.5,5528.0,5530.25,7790,17306,0
2024-06-24,19:30:00,5530.25,5532.25,5527.0,5529.0,6429,14208,0
2024-06-24,19:45:00,5529.0,5530.0,5514.75,5516.0,21651,48560,0
2024-06-24,20:00:00,5515.75,5517.5,5510.25,5516.0,8973,18831,0
2024-06-24,20:15:00,5516.25,5516.75,5512.25,5512.75,2169,3375,25
2024-06-24,20:30:00,5512.75,5515.5,5511.75,5515.0,1474,2469,25
2024-06-24,20:45:00,5515.25,5516.0,5514.25,5515.5,1022,1746,0
2024-06-24,22:00:00,5515.75,5518.75,5515.25,5516.25,1314,2285,25
2024-06-24,22:15:00,5516.5,5517.75,5516.0,5517.5,458,637,0
2024-06-24,22:30:00,5517.5,5518.25,5517.0,5517.25,369,510,25
2024-06-24,22:45:00,5517.0,5518.25,5516.75,5517.0,296,480,25
2024-06-24,23:00:00,5517.25,5518.5,5516.5,5518.0,416,611,25
2024-06-24,23:15:00,5518.0,5519.25,5517.75,5518.25,397,658,25
2024-06-24,23:30:00,5518.5,5519.25,5517.25,5517.75,400,618,0
2024-06-24,23:45:00,5517.75,5519.5,5517.5,5519.25,561,830,25
2024-06-25,00:00:00,5519.25,5519.5,5517.75,5518.5,600,1041,25
2024-06-25,00:15:00,5518.5,5519.0,5516.25,5516.75,574,846,25
2024-06-25,00:30:00,5517.0,5518.0,5517.0,5517.25,321,444,25
2024-06-25,00:45:00,5517.25,5518.25,5515.5,5516.0,535,844,25
2024-06-25,01:00:00,5515.75,5516.5,5515.25,5515.25,451,688,25
2024-06-25,01:15:00,5515.5,5516.0,5513.25,5515.75,886,1334,25
2024-06-25,01:30:00,5515.5,5518.0,5515.5,5517.75,593,884,25
2024-06-25,01:45:00,5517.75,5519.5,5517.75,5518.75,722,1308,25
2024-06-25,02:00:00,5518.75,5519.75,5518.25,5519.5,579,948,0
2024-06-25,02:15:00,5519.5,5520.0,5518.75,5518.75,473,817,25
2024-06-25,02:30:00,5519.0,5520.0,5518.75,5519.5,256,401,0
2024-06-25,02:45:00,5519.75,5519.75,5519.0,5519.25,166,259,25
2024-06-25,03:00:00,5519.25,5522.5,5519.25,5522.0,840,1513,0
2024-06-25,03:15:00,5522.0,5522.75,5521.0,5522.25,446,742,25
2024-06-25,03:30:00,5522.25,5522.25,5521.25,5521.75,283,452,0
2024-06-25,03:45:00,5521.75,5523.75,5521.75,5523.25,682,1146,25
2024-06-25,04:00:00,5523.75,5524.0,5522.75,5523.5,343,648,25
2024-06-25,04:15:00,5523.5,5523.5,5522.5,5523.0,266,444,25
2024-06-25,04:30:00,5523.0,5524.5,5522.75,5524.25,413,790,25
2024-06-25,04:45:00,5524.0,5524.5,5523.5,5524.25,183,304,25
2024-06-25,05:00:00,5524.25,5524.5,5523.75,5524.25,284,579,25
2024-06-25,05:15:00,5524.0,5524.5,5524.0,5524.25,198,381,25
2024-06-25,05:30:00,5524.25,5525.75,5524.0,5525.25,568,1020,25
2024-06-25,05:45:00,5525.5,5525.75,5523.75,5524.0,408,695,25
2024-06-25,06:00:00,5524.0,5524.25,5520.25,5520.5,1076,1702,25
2024-06-25,06:15:00,5520.5,5521.75,5519.25,5521.25,993,1731,0
2024-06-25,06:30:00,5521.25,5524.0,5521.0,5521.75,886,1656,0
2024-06-25,06:45:00,5521.75,5522.75,5520.5,5521.0,590,1147,25
2024-06-25,07:00:00,5520.75,5521.5,5515.75,5516.0,2511,4958,25
2024-06-25,07:15:00,5516.25,5520.0,5514.5,5515.75,1651,2766,0
2024-06-25,07:30:00,5515.75,5517.75,5512.5,5512.75,1459,2347,25
2024-06-25,07:45:00,5512.75,5515.25,5512.5,5513.25,1251,2205,25
2024-06-25,08:00:00,5513.5,5517.25,5511.0,5517.0,1971,3393,25
2024-06-25,08:15:00,5517.25,5521.5,5516.25,5521.0,1561,2880,25
2024-06-25,08:30:00,5520.75,5523.25,5520.25,5521.0,1481,2682,25
2024-06-25,08:45:00,5520.75,5523.25,5519.75,5523.0,1213,2451,25
2024-06-25,09:00:00,5522.75,5525.5,5522.0,5523.25,1565,3029,25
2024-06-25,09:15:00,5523.25,5527.0,5522.5,5526.5,1185,2279,25
2024-06-25,09:30:00,5526.75,5527.75,5524.75,5526.25,1036,2008,25
2024-06-25,09:45:00,5526.25,5527.5,5524.75,5527.25,745,1391,25
2024-06-25,10:00:00,5527.25,5528.25,5524.75,5526.25,1321,2440,25
2024-06-25,10:15:00,5526.0,5527.5,5525.25,5526.25,573,1039,25
2024-06-25,10:30:00,5526.25,5527.25,5524.5,5525.5,815,1592,25
2024-06-25,10:45:00,5525.25,5527.0,5523.75,5526.5,1069,1914,25
2024-06-25,11:00:00,5526.75,5527.5,5525.0,5527.5,1129,2278,25
2024-06-25,11:15:00,5527.75,5529.25,5524.25,5526.5,2079,3723,0
2024-06-25,11:30:00,5526.75,5527.5,5521.75,5523.0,1852,3624,25
2024-06-25,11:45:00,5523.0,5527.0,5522.75,5526.5,1426,2612,25
2024-06-25,12:00:00,5526.5,5529.0,5525.75,5527.75,1570,2640,0
2024-06-25,12:15:00,5528.0,5529.0,5526.75,5528.0,1369,2356,25
2024-06-25,12:30:00,5527.75,5527.75,5522.5,5523.25,3241,5488,25
2024-06-25,12:45:00,5522.75,5527.5,5522.5,5526.25,2193,3749,25
2024-06-25,13:00:00,5526.5,5529.25,5525.25,5528.75,2141,3477,25
2024-06-25,13:15:00,5528.5,5530.5,5526.0,5527.5,4054,7199,25
2024-06-25,13:30:00,5527.25,5528.25,5519.75,5523.75,19635,43731,0
2024-06-25,13:45:00,5523.75,5525.25,5517.5,5519.0,12306,27776,0
2024-06-25,14:00:00,5518.75,5529.25,5517.75,5528.0,18178,37052,0
2024-06-25,14:15:00,5528.25,5529.25,5523.25,5527.5,10416,23361,0
2024-06-25,14:30:00,5527.5,5530.0,5524.75,5525.75,10467,24179,0
2024-06-25,14:45:00,5525.5,5526.25,5521.5,5524.0,8448,18472,0
2024-06-25,15:00:00,5524.25,5529.0,5522.25,5528.75,8707,19450,0
2024-06-25,15:15:00,5528.75,5532.25,5525.25,5528.0,11694,25499,0
2024-06-25,15:30:00,5528.0,5530.5,5526.5,5528.5,6143,15061,0
2024-06-25,15:45:00,5528.5,5531.75,5527.25,5531.0,5556,13682,0
2024-06-25,16:00:00,5530.75,5531.0,5526.25,5526.75,5002,12563,0
2024-06-25,16:15:00,5526.75,5527.25,5521.25,5523.25,8090,19377,0
2024-06-25,16:30:00,5523.5,5523.5,5516.0,5518.0,11161,27253,0
2024-06-25,16:45:00,5517.75,5519.0,5512.25,5516.5,11648,27351,0
2024-06-25,17:00:00,5516.75,5521.5,5511.75,5520.5,10840,22926,0
2024-06-25,17:15:00,5520.75,5524.25,5518.0,5524.25,6598,15599,0
2024-06-25,17:30:00,5524.25,5526.25,5521.25,5525.5,6378,15118,25
2024-06-25,17:45:00,5525.5,5528.75,5524.75,5527.0,6350,15246,0
2024-06-25,18:00:00,5527.25,5532.25,5525.5,5528.75,6881,16242,0
2024-06-25,18:15:00,5529.0,5536.25,5528.25,5536.0,6942,15671,0
2024-06-25,18:30:00,5536.0,5536.25,5530.25,5533.25,7005,17219,25
2024-06-25,18:45:00,5533.25,5534.0,5525.25,5531.5,8911,20881,0
2024-06-25,19:00:00,5531.25,5533.25,5529.5,5531.5,5261,13461,0
2024-06-25,19:15:00,5531.5,5538.75,5531.5,5538.25,8043,20649,0
2024-06-25,19:30:00,5538.25,5538.25,5530.75,5532.0,7663,20625,0
2024-06-25,19:45:00,5532.5,5539.75,5528.5,5536.5,13572,38174,0
2024-06-25,20:00:00,5536.25,5536.25,5531.75,5534.0,4379,10482,0
2024-06-25,20:15:00,5533.75,5534.75,5532.75,5533.75,740,1393,25
2024-06-25,20:30:00,5534.0,5535.5,5533.5,5534.5,553,1068,25
2024-06-25,20:45:00,5534.5,5535.5,5534.0,5535.5,645,1109,25
2024-06-25,22:00:00,5536.0,5537.0,5533.5,5536.0,1075,1827,25
2024-06-25,22:15:00,5536.0,5537.75,5536.0,5537.0,539,820,25
2024-06-25,22:30:00,5537.0,5537.0,5534.5,5535.5,484,638,25
2024-06-25,22:45:00,5535.5,5536.75,5535.25,5536.5,340,524,25
2024-06-25,23:00:00,5536.5,5536.75,5535.0,5535.75,270,404,25
2024-06-25,23:15:00,5535.75,5536.0,5534.5,5535.5,296,487,25
2024-06-25,23:30:00,5535.75,5535.75,5534.5,5534.75,201,306,25
2024-06-25,23:45:00,5535.0,5535.25,5533.5,5534.0,357,586,25
2024-06-26,00:00:00,5534.25,5534.5,5533.25,5534.25,539,1042,25
2024-06-26,00:15:00,5534.25,5536.75,5533.75,5536.0,588,947,25
2024-06-26,00:30:00,5536.25,5536.75,5535.75,5536.25,318,546,25
2024-06-26,00:45:00,5536.25,5538.5,5535.75,5538.0,732,1247,25
2024-06-26,01:00:00,5538.0,5538.75,5537.5,5537.5,494,761,25
2024-06-26,01:15:00,5537.5,5540.5,5537.5,5539.25,806,1397,25
2024-06-26,01:30:00,5539.25,5540.0,5538.75,5539.25,474,677,0
2024-06-26,01:45:00,5539.0,5541.0,5538.75,5540.5,825,1288,25
2024-06-26,02:00:00,5540.75,5541.75,5540.5,5541.0,733,1139,25
2024-06-26,02:15:00,5541.0,5541.0,5540.25,5540.75,413,539,25
2024-06-26,02:30:00,5540.75,5540.75,5539.75,5540.25,445,615,25
2024-06-26,02:45:00,5540.0,5540.75,5539.75,5540.5,225,328,25
2024-06-26,03:00:00,5540.5,5541.75,5540.25,5541.0,415,712,25
2024-06-26,03:15:00,5541.0,5541.25,5539.0,5539.75,435,688,25
2024-06-26,03:30:00,5539.75,5540.0,5538.0,5539.25,484,773,0
2024-06-26,03:45:00,5539.0,5539.75,5539.0,5539.5,178,310,25
2024-06-26,04:00:00,5539.5,5539.75,5538.5,5538.75,199,372,25
2024-06-26,04:15:00,5538.75,5540.25,5538.25,5540.0,348,626,25
2024-06-26,04:30:00,5540.0,5540.25,5539.25,5540.0,261,516,25
2024-06-26,04:45:00,5540.0,5541.75,5540.0,5540.5,366,626,25
2024-06-26,05:00:00,5540.5,5541.75,5540.5,5541.5,359,630,25
2024-06-26,05:15:00,5541.5,5542.25,5541.25,5541.75,407,676,25
2024-06-26,05:30:00,5542.0,5543.25,5541.5,5542.75,594,1225,25
2024-06-26,05:45:00,5542.75,5543.5,5542.0,5543.25,412,675,0
2024-06-26,06:00:00,5543.25,5544.0,5542.0,5543.25,651,1027,25
2024-06-26,06:15:00,5543.25,5546.0,5542.75,5544.5,1155,2205,0
2024-06-26,06:30:00,5544.75,5545.75,5543.75,5544.5,656,1338,25
2024-06-26,06:45:00,5544.5,5545.0,5542.25,5542.5,469,823,25
2024-06-26,07:00:00,5542.5,5543.75,5540.0,5541.75,1385,2890,0
2024-06-26,07:15:00,5541.75,5547.75,5541.5,5547.25,1896,3697,0
2024-06-26,07:30:00,5547.5,5549.0,5546.0,5548.5,1177,2393,25
2024-06-26,07:45:00,5548.5,5551.25,5547.75,5551.0,1506,3038,25
2024-06-26,08:00:00,5551.0,5551.75,5549.5,5549.75,1326,2693,25
2024-06-26,08:15:00,5550.0,5550.75,5547.5,5548.75,911,1643,25
2024-06-26,08:30:00,5548.75,5551.25,5548.5,5550.75,658,1182,25
2024-06-26,08:45:00,5551.0,5552.0,5548.25,5548.75,806,1423,25
2024-06-26,09:00:00,5548.75,5549.0,5546.5,5547.5,977,2153,25
2024-06-26,09:15:00,5547.25,5549.0,5546.5,5547.75,669,1313,25
2024-06-26,09:30:00,5547.75,5547.75,5544.0,5544.75,928,1682,25
2024-06-26,09:45:00,5544.75,5544.75,5542.5,5542.75,1038,1898,25
2024-06-26,10:00:00,5542.75,5543.5,5540.5,5540.75,1179,2248,25
2024-06-26,10:15:00,5540.75,5541.0,5538.0,5539.0,1631,3047,25
2024-06-26,10:30:00,5539.0,5540.75,5537.75,5539.75,1285,2531,25
2024-06-26,10:45:00,5539.75,5540.5,5537.0,5537.75,1227,2345,25
2024-06-26,11:00:00,5537.5,5538.25,5534.25,5537.75,1895,3517,25
2024-06-26,11:15:00,5537.75,5538.25,5533.0,5534.5,1799,3377,25
2024-06-26,11:30:00,5534.5,5535.0,5532.5,5534.0,2074,4040,25
2024-06-26,11:45:00,5534.0,5536.75,5533.25,5536.5,1637,2975,25
2024-06-26,12:00:00,5536.5,5536.75,5532.25,5532.25,2057,3912,25
2024-06-26,12:15:00,5532.25,5533.75,5530.0,5530.5,2365,3603,25
2024-06-26,12:30:00,5530.5,5531.0,5524.75,5528.0,4630,7305,25
2024-06-26,12:45:00,5528.0,5528.5,5523.5,5524.75,3197,5370,0
2024-06-26,13:00:00,5524.75,5524.75,5518.75,5522.25,6831,11583,25
2024-06-26,13:15:00,5522.0,5523.5,5519.0,5523.0,4371,7461,0
2024-06-26,13:30:00,5523.25,5525.5,5518.0,5522.75,17042,35242,0
2024-06-26,13:45:00,5522.5,5530.25,5521.75,5527.25,13586,28687,0
2024-06-26,14:00:00,5527.0,5532.5,5524.25,5531.25,12010,24516,0
2024-06-26,14:15:00,5531.5,5534.5,5522.25,5524.5,14908,33461,0
2024-06-26,14:30:00,5524.25,5528.5,5523.5,5527.0,11800,25738,0
2024-06-26,14:45:00,5527.0,5532.25,5526.5,5528.5,10469,22427,0
2024-06-26,15:00:00,5528.5,5530.5,5516.25,5519.25,16255,35425,0
2024-06-26,15:15:00,5519.5,5529.25,5518.5,5525.75,11608,25913,0
2024-06-26,15:30:00,5525.75,5529.25,5522.75,5529.0,8068,17354,0
2024-06-26,15:45:00,5529.0,5541.5,5528.75,5539.75,14773,33522,0
2024-06-26,16:00:00,5539.75,5540.0,5535.75,5537.75,7243,17225,0
2024-06-26,16:15:00,5537.5,5541.0,5535.25,5538.25,6224,14723,0
2024-06-26,16:30:00,5538.25,5540.0,5532.0,5533.0,7126,15492,0
2024-06-26,16:45:00,5533.0,5534.75,5529.0,5534.0,8417,19174,0
2024-06-26,17:00:00,5533.75,5536.5,5529.5,5535.75,6911,12108,0
2024-06-26,17:15:00,5536.0,5536.0,5526.0,5531.5,9847,20371,25
2024-06-26,17:30:00,5531.5,5532.5,5528.75,5532.0,4960,10518,0
2024-06-26,17:45:00,5532.0,5535.75,5529.75,5535.0,5028,11367,0
2024-06-26,18:00:00,5534.75,5534.75,5531.0,5532.5,4792,10720,0
2024-06-26,18:15:00,5532.75,5535.5,5531.5,5533.75,4206,9340,25
2024-06-26,18:30:00,5533.75,5534.75,5529.0,5532.75,5963,13046,0
2024-06-26,18:45:00,5532.75,5537.75,5531.5,5532.0,7747,17260,25
2024-06-26,19:00:00,5531.75,5533.0,5527.5,5529.0,7816,17954,0
2024-06-26,19:15:00,5529.0,5533.25,5528.5,5532.5,4977,10852,0
2024-06-26,19:30:00,5532.5,5536.0,5530.75,5535.5,5854,13903,0
2024-06-26,19:45:00,5535.25,5549.0,5532.25,5542.0,17855,43922,0
2024-06-26,20:00:00,5542.0,5542.25,5528.75,5533.75,11451,25083,0
2024-06-26,20:15:00,5533.5,5536.5,5533.25,5534.0,1177,2239,0
2024-06-26,20:30:00,5534.0,5534.5,5531.25,5533.0,1133,2149,25
2024-06-26,20:45:00,5532.25,5534.0,5531.5,5533.75,782,1454,25
2024-06-26,22:00:00,5533.25,5536.0,5531.75,5533.25,1240,2352,25
2024-06-26,22:15:00,5533.0,5534.0,5530.75,5531.0,657,1182,25
2024-06-26,22:30:00,5531.25,5532.0,5528.0,5528.5,1050,1645,0
2024-06-26,22:45:00,5528.75,5530.25,5528.0,5529.5,501,723,25
2024-06-26,23:00:00,5529.5,5529.5,5526.25,5526.5,847,1334,25
2024-06-26,23:15:00,5526.5,5527.25,5523.25,5524.75,1167,1943,25
2024-06-26,23:30:00,5524.75,5524.75,5523.0,5524.25,609,922,25
2024-06-26,23:45:00,5524.25,5526.0,5524.0,5525.0,524,758,25
2024-06-27,00:00:00,5525.25,5525.25,5523.0,5523.25,779,1526,25
2024-06-27,00:15:00,5523.25,5524.25,5522.25,5523.0,610,1023,25
2024-06-27,00:30:00,5523.25,5523.5,5518.0,5520.0,1745,3060,0
2024-06-27,00:45:00,5519.75,5520.5,5516.0,5520.0,1630,2745,25
2024-06-27,01:00:00,5520.25,5521.75,5519.5,5521.0,867,1450,25
2024-06-27,01:15:00,5521.0,5523.5,5519.75,5522.75,891,1514,25
2024-06-27,01:30:00,5523.0,5524.5,5522.75,5523.75,882,1491,25
2024-06-27,01:45:00,5523.5,5525.0,5523.5,5524.75,488,786,0
2024-06-27,02:00:00,5524.75,5527.5,5524.5,5526.5,881,1556,25
2024-06-27,02:15:00,5526.75,5527.0,5525.25,5525.75,468,703,25
2024-06-27,02:30:00,5525.75,5525.75,5524.25,5524.5,458,750,25
2024-06-27,02:45:00,5524.25,5526.0,5524.25,5525.0,458,826,25
2024-06-27,03:00:00,5525.0,5525.0,5523.75,5524.0,366,609,25
2024-06-27,03:15:00,5524.0,5525.75,5524.0,5525.25,246,370,25
2024-06-27,03:30:00,5525.5,5525.75,5524.5,5524.5,267,491,0
2024-06-27,03:45:00,5524.75,5524.75,5521.75,5522.5,492,765,25
2024-06-27,04:00:00,5522.5,5523.5,5522.0,5522.25,353,606,25
2024-06-27,04:15:00,5522.25,5525.25,5522.25,5525.0,346,513,25
2024-06-27,04:30:00,5525.0,5525.75,5524.75,5525.5,210,339,25
2024-06-27,04:45:00,5525.5,5528.5,5525.5,5528.25,602,973,25
2024-06-27,05:00:00,5528.25,5528.25,5527.0,5527.5,363,567,25
2024-06-27,05:15:00,5527.25,5528.5,5527.0,5528.5,344,550,25
2024-06-27,05:30:00,5528.5,5531.75,5528.25,5531.25,890,1481,25
2024-06-27,05:45:00,5531.0,5532.0,5530.5,5531.25,420,708,25
2024-06-27,06:00:00,5531.5,5533.5,5531.25,5533.0,1169,2076,25
2024-06-27,06:15:00,5533.0,5534.75,5532.75,5534.0,756,1287,25
2024-06-27,06:30:00,5534.25,5534.5,5532.0,5533.0,744,1198,25
2024-06-27,06:45:00,5532.75,5533.0,5531.75,5532.25,472,783,25
2024-06-27,07:00:00,5532.0,5534.25,5532.0,5534.25,1058,1844,25
2024-06-27,07:15:00,5534.25,5535.75,5533.5,5535.25,1041,1717,25
2024-06-27,07:30:00,5535.25,5535.75,5532.75,5533.5,888,1606,25
2024-06-27,07:45:00,5533.5,5534.5,5532.25,5532.25,551,927,25
2024-06-27,08:00:00,5532.25,5533.5,5531.25,5532.5,1132,2040,25
2024-06-27,08:15:00,5532.5,5532.5,5528.0,5529.75,1155,1957,0
2024-06-27,08:30:00,5529.5,5532.25,5529.0,5531.5,1080,1931,0
2024-06-27,08:45:00,5531.5,5532.5,5530.0,5531.75,788,1377,0
2024-06-27,09:00:00,5531.75,5534.5,5530.5,5533.75,821,1390,25
2024-06-27,09:15:00,5533.75,5535.75,5533.75,5534.75,881,1561,25
2024-06-27,09:30:00,5534.75,5536.25,5533.5,5534.25,793,1400,25
2024-06-27,09:45:00,5534.0,5535.75,5533.75,5534.5,654,1182,0
2024-06-27,10:00:00,5534.5,5536.75,5534.25,5534.75,943,1787,25
2024-06-27,10:15:00,5534.75,5537.5,5534.75,5537.0,855,1482,25
2024-06-27,10:30:00,5536.75,5538.75,5536.25,5538.5,963,1800,0
2024-06-27,10:45:00,5538.25,5538.75,5536.0,5537.0,883,1543,25
2024-06-27,11:00:00,5537.0,5537.25,5532.5,5533.5,1434,2631,25
2024-06-27,11:15:00,5533.75,5535.0,5532.25,5534.75,897,1572,25
2024-06-27,11:30:00,5535.0,5537.0,5533.75,5535.0,1323,2258,25
2024-06-27,11:45:00,5535.25,5537.0,5534.0,5534.5,1241,2189,0
2024-06-27,12:00:00,5534.25,5536.25,5532.75,5535.25,1646,2976,25
2024-06-27,12:15:00,5535.0,5536.5,5534.5,5536.5,1756,3193,25
2024-06-27,12:30:00,5536.5,5542.0,5529.75,5540.5,7625,11234,0
2024-06-27,12:45:00,5540.5,5542.75,5538.25,5542.0,3395,5379,0
2024-06-27,13:00:00,5541.75,5543.0,5538.75,5539.75,2929,4760,0
2024-06-27,13:15:00,5539.75,5541.5,5538.25,5538.75,2652,4562,25
2024-06-27,13:30:00,5538.75,5553.25,5538.75,5552.25,23042,47446,0
2024-06-27,13:45:00,5552.25,5554.25,5536.5,5546.0,25606,55398,0
2024-06-27,14:00:00,5546.25,5554.5,5542.75,5554.0,18926,38467,0
2024-06-27,14:15:00,5553.75,5555.0,5547.0,5550.75,14589,32400,0
2024-06-27,14:30:00,5550.75,5554.0,5547.5,5551.0,10043,22758,0
2024-06-27,14:45:00,5550.75,5551.0,5541.5,5545.0,16380,36700,0
2024-06-27,15:00:00,5545.0,5545.75,5540.0,5540.75,10575,25759,25
2024-06-27,15:15:00,5540.75,5543.25,5534.0,5537.5,13066,31204,0
2024-06-27,15:30:00,5537.5,5538.0,5530.25,5533.25,16063,39945,0
2024-06-27,15:45:00,5533.25,5538.0,5531.75,5537.0,7126,18029,0
2024-06-27,16:00:00,5537.0,5541.5,5535.25,5541.0,7410,18203,0
2024-06-27,16:15:00,5541.0,5544.75,5540.25,5542.75,7143,17216,0
2024-06-27,16:30:00,5542.75,5544.25,5540.5,5543.5,4783,10519,25
2024-06-27,16:45:00,5543.5,5545.25,5540.0,5540.5,6059,13936,0
2024-06-27,17:00:00,5540.5,5545.5,5540.25,5543.5,5501,12182,0
2024-06-27,17:15:00,5543.5,5547.75,5540.75,5547.5,7267,16892,25
2024-06-27,17:30:00,5547.5,5548.5,5544.25,5545.25,5247,12311,25
2024-06-27,17:45:00,5545.25,5547.25,5541.75,5541.75,4491,10436,0
2024-06-27,18:00:00,5541.75,5542.25,5532.5,5535.0,15883,40494,0
2024-06-27,18:15:00,5535.0,5536.5,5529.75,5531.5,9505,23689,0
2024-06-27,18:30:00,5531.5,5534.75,5528.5,5531.0,8402,19752,0
2024-06-27,18:45:00,5530.75,5538.5,5530.5,5537.5,9079,22380,0
2024-06-27,19:00:00,5537.5,5540.5,5535.75,5540.5,6391,15432,0
2024-06-27,19:15:00,5540.5,5542.0,5536.75,5541.5,6704,17182,25
2024-06-27,19:30:00,5541.5,5543.25,5539.25,5540.75,5855,14419,25
2024-06-27,19:45:00,5540.75,5548.75,5535.75,5548.0,16188,38433,0
2024-06-27,20:00:00,5548.25,5551.75,5546.75,5549.0,6748,15307,0
2024-06-27,20:15:00,5549.25,5550.5,5548.25,5549.75,932,1809,25
2024-06-27,20:30:00,5549.5,5550.0,5548.75,5549.0,644,1201,25
2024-06-27,20:45:00,5549.0,5549.75,5548.75,5549.25,731,1201,25
2024-06-27,22:00:00,5548.75,5549.5,5547.25,5549.0,772,1368,25
2024-06-27,22:15:00,5549.0,5551.25,5548.75,5551.25,498,734,25
2024-06-27,22:30:00,5551.0,5552.25,5551.0,5552.0,537,736,25
2024-06-27,22:45:00,5552.0,5552.75,5551.5,5551.75,470,669,25
2024-06-27,23:00:00,5551.75,5553.0,5551.5,5552.5,368,545,25
2024-06-27,23:15:00,5552.5,5553.75,5552.5,5553.5,349,537,25
2024-06-27,23:30:00,5553.5,5554.5,5553.25,5554.25,435,707,0
2024-06-27,23:45:00,5553.75,5555.25,5553.5,5555.0,529,788,25
2024-06-28,00:00:00,5555.0,5556.5,5554.75,5555.25,982,1572,25
2024-06-28,00:15:00,5555.0,5556.25,5554.75,5556.0,597,978,0
2024-06-28,00:30:00,5556.0,5556.0,5554.25,5554.25,476,778,25
2024-06-28,00:45:00,5554.25,5554.75,5551.75,5552.25,962,1506,25
2024-06-28,01:00:00,5552.0,5554.0,5551.5,5552.75,721,1126,25
2024-06-28,01:15:00,5552.5,5556.0,5552.25,5555.25,844,1327,25
2024-06-28,01:30:00,5555.25,5560.5,5555.0,5558.75,2543,4258,0
2024-06-28,01:45:00,5558.75,5561.75,5558.25,5560.75,1323,2017,25
2024-06-28,02:00:00,5560.75,5562.5,5560.75,5562.0,895,1347,25
2024-06-28,02:15:00,5562.25,5563.5,5562.0,5562.75,908,1347,25
2024-06-28,02:30:00,5562.75,5563.25,5560.75,5561.25,920,1426,25
2024-06-28,02:45:00,5561.5,5562.25,5561.25,5561.5,405,639,25
2024-06-28,03:00:00,5561.5,5562.25,5561.0,5561.0,377,590,25
2024-06-28,03:15:00,5561.0,5561.5,5560.75,5561.0,320,508,25
2024-06-28,03:30:00,5561.25,5561.75,5560.5,5560.5,525,943,25
2024-06-28,03:45:00,5560.5,5561.25,5560.0,5561.0,353,581,25
2024-06-28,04:00:00,5560.75,5561.25,5558.5,5559.0,797,1421,25
2024-06-28,04:15:00,5559.0,5559.5,5558.5,5558.75,284,459,25
2024-06-28,04:30:00,5558.75,5559.25,5558.0,5558.75,447,807,0
2024-06-28,04:45:00,5558.75,5559.0,5557.5,5558.25,469,910,25
2024-06-28,05:00:00,5558.5,5558.5,5557.25,5558.0,422,708,25
2024-06-28,05:15:00,5558.0,5558.25,5557.0,5557.0,318,534,25
2024-06-28,05:30:00,5557.0,5557.75,5556.5,5557.25,458,755,25
2024-06-28,05:45:00,5557.25,5557.5,5556.0,5557.25,431,758,25
2024-06-28,06:00:00,5557.25,5561.75,5557.0,5561.25,1209,1944,0
2024-06-28,06:15:00,5561.25,5562.75,5561.0,5562.0,750,1307,25
2024-06-28,06:30:00,5561.75,5562.5,5559.75,5560.5,672,1044,25
2024-06-28,06:45:00,5560.5,5562.5,5560.25,5561.0,624,1094,25
2024-06-28,07:00:00,5561.0,5563.75,5559.25,5560.75,1796,3153,0
2024-06-28,07:15:00,5560.75,5562.0,5559.75,5561.25,943,1700,25
2024-06-28,07:30:00,5561.5,5561.75,5558.75,5560.75,892,1517,25
2024-06-28,07:45:00,5560.75,5560.75,5559.0,5559.25,654,1083,25
2024-06-28,08:00:00,5559.0,5560.25,5556.75,5558.0,1228,2188,25
2024-06-28,08:15:00,5558.25,5561.5,5557.5,5561.25,857,1668,25
2024-06-28,08:30:00,5561.25,5563.5,5560.5,5562.0,835,1465,0
2024-06-28,08:45:00,5562.25,5563.25,5561.25,5563.25,840,1677,25
2024-06-28,09:00:00,5563.0,5564.75,5562.75,5563.75,953,1639,0
2024-06-28,09:15:00,5563.75,5566.25,5563.75,5565.25,1188,2443,25
2024-06-28,09:30:00,5565.0,5567.25,5564.25,5567.0,1115,2157,0
2024-06-28,09:45:00,5566.75,5567.0,5565.5,5565.75,639,1037,25
2024-06-28,10:00:00,5565.75,5566.0,5564.5,5564.5,616,1103,25
2024-06-28,10:15:00,5564.75,5565.75,5563.25,5565.0,895,1617,25
2024-06-28,10:30:00,5565.0,5566.5,5564.25,5566.5,679,1132,25
2024-06-28,10:45:00,5566.25,5567.0,5565.5,5566.5,669,1287,25
2024-06-28,11:00:00,5566.25,5566.5,5564.75,5565.5,808,1519,0
2024-06-28,11:15:00,5565.5,5566.0,5563.25,5564.5,927,1719,25
2024-06-28,11:30:00,5564.25,5565.75,5563.5,5564.75,1033,2089,0
2024-06-28,11:45:00,5564.75,5565.25,5563.75,5565.0,892,1955,25
2024-06-28,12:00:00,5564.75,5565.75,5563.25,5565.5,1307,2337,25
2024-06-28,12:15:00,5565.5,5568.25,5565.5,5566.5,2764,4719,25
2024-06-28,12:30:00,5567.0,5572.5,5557.75,5561.0,11633,18417,0
2024-06-28,12:45:00,5561.0,5562.0,5555.0,5556.75,6002,9392,0
2024-06-28,13:00:00,5556.75,5559.0,5553.0,5557.75,6595,10685,0
2024-06-28,13:15:00,5557.75,5557.75,5550.0,5553.0,6598,10851,25
2024-06-28,13:30:00,5553.0,5560.75,5547.75,5560.0,23888,50777,0
2024-06-28,13:45:00,5560.0,5563.75,5557.75,5562.0,12810,29142,0
2024-06-28,14:00:00,5562.0,5585.0,5562.0,5584.0,29142,63048,0
2024-06-28,14:15:00,5584.25,5585.0,5575.5,5577.5,18553,41858,0
2024-06-28,14:30:00,5577.5,5583.0,5572.0,5576.75,14903,33978,0
2024-06-28,14:45:00,5576.75,5580.0,5563.25,5568.0,21201,47990,0
2024-06-28,15:00:00,5567.75,5568.25,5554.0,5557.5,24399,60201,0
2024-06-28,15:15:00,5557.5,5563.25,5554.5,5558.5,14464,34066,0
2024-06-28,15:30:00,5558.5,5564.5,5557.0,5559.0,11945,27680,0
2024-06-28,15:45:00,5559.0,5561.25,5556.25,5558.25,6288,14420,25
2024-06-28,16:00:00,5558.25,5559.75,5545.5,5548.75,16023,36108,25
2024-06-28,16:15:00,5548.75,5551.75,5543.0,5550.5,12569,27028,0
2024-06-28,16:30:00,5550.25,5552.25,5535.5,5542.0,17500,40906,0
2024-06-28,16:45:00,5542.0,5545.0,5538.0,5544.0,8947,21085,0
2024-06-28,17:00:00,5543.75,5550.0,5540.75,5549.25,8744,21205,0
2024-06-28,17:15:00,5549.25,5551.0,5543.75,5544.0,6746,15197,0
2024-06-28,17:30:00,5544.0,5545.75,5539.25,5540.5,8848,18734,0
2024-06-28,17:45:00,5540.5,5543.0,5539.5,5541.0,5075,11531,0
2024-06-28,18:00:00,5541.0,5546.25,5539.25,5545.75,7200,15903,0
2024-06-28,18:15:00,5546.0,5547.25,5533.25,5535.25,13524,29751,0
2024-06-28,18:30:00,5535.25,5537.75,5532.5,5533.5,8616,18332,0
2024-06-28,18:45:00,5533.25,5534.5,5530.5,5532.5,8352,18103,25
2024-06-28,19:00:00,5532.25,5533.0,5527.5,5528.75,9325,20267,0
2024-06-28,19:15:00,5528.75,5532.25,5527.75,5529.75,7533,17646,0
2024-06-28,19:30:00,5529.75,5536.5,5510.5,5531.5,32844,74218,0
2024-06-28,19:45:00,5531.75,5536.0,5519.75,5524.25,34348,69796,0
2024-06-28,20:00:00,5524.25,5534.0,5522.5,5531.75,11102,21112,0
2024-06-28,20:15:00,5532.0,5534.25,5531.0,5534.0,1676,2538,25
2024-06-28,20:30:00,5534.25,5534.25,5530.5,5533.75,1216,2056,25
2024-06-28,20:45:00,5534.0,5534.25,5532.0,5533.0,846,1547,25
2024-06-30,22:00:00,5534.0,5536.25,5528.25,5531.25,2782,4296,25
2024-06-30,22:15:00,5531.25,5536.5,5531.0,5536.25,1613,2653,0
2024-06-30,22:30:00,5536.0,5536.75,5534.5,5535.25,1006,1544,0
2024-06-30,22:45:00,5535.5,5536.0,5533.5,5534.25,1012,1691,25
2024-06-30,23:00:00,5534.0,5534.25,5530.5,5531.5,1334,2044,25
2024-06-30,23:15:00,5531.0,5533.75,5527.75,5532.25,2091,3814,0
2024-06-30,23:30:00,5532.5,5533.25,5531.75,5532.75,382,522,25
2024-06-30,23:45:00,5532.75,5533.0,5528.5,5529.5,1175,1771,0
2024-07-01,00:00:00,5529.5,5531.5,5526.25,5530.5,1838,2926,25
2024-07-01,00:15:00,5530.75,5534.25,5530.5,5533.75,1093,1607,25
2024-07-01,00:30:00,5534.0,5535.25,5533.25,5534.75,816,1325,25
2024-07-01,00:45:00,5534.75,5535.5,5533.0,5535.5,824,1231,25
2024-07-01,01:00:00,5535.5,5536.5,5534.25,5535.25,632,878,25
2024-07-01,01:15:00,5535.5,5536.5,5534.5,5534.75,708,1137,25
2024-07-01,01:30:00,5534.75,5536.5,5534.75,5535.5,845,1459,0
2024-07-01,01:45:00,5535.5,5536.25,5534.5,5536.0,796,1460,25
2024-07-01,02:00:00,5536.25,5537.25,5535.5,5536.5,704,1210,25
2024-07-01,02:15:00,5536.75,5538.0,5536.0,5536.75,614,1023,25
2024-07-01,02:30:00,5536.75,5538.0,5536.75,5537.5,483,840,25
2024-07-01,02:45:00,5537.5,5537.75,5536.25,5536.25,504,868,25
2024-07-01,03:00:00,5536.5,5538.25,5536.5,5537.25,463,735,25
2024-07-01,03:15:00,5537.25,5537.5,5536.0,5536.75,450,683,25
2024-07-01,03:30:00,5536.75,5537.25,5535.0,5536.5,600,930,25
2024-07-01,03:45:00,5536.75,5537.0,5535.75,5536.25,439,756,25
2024-07-01,04:00:00,5536.5,5536.5,5535.0,5535.75,475,793,25
2024-07-01,04:15:00,5536.0,5536.25,5535.0,5535.25,208,348,25
2024-07-01,04:30:00,5535.0,5535.75,5534.0,5534.5,438,693,25
2024-07-01,04:45:00,5534.5,5534.75,5533.0,5534.0,554,928,0
2024-07-01,05:00:00,5533.75,5536.25,5533.25,5535.75,544,914,25
2024-07-01,05:15:00,5535.75,5537.25,5534.75,5537.0,471,756,25
2024-07-01,05:30:00,5537.25,5538.5,5537.0,5538.0,778,1330,25
2024-07-01,05:45:00,5538.0,5539.0,5537.25,5538.5,618,1157,0
2024-07-01,06:00:00,5538.75,5540.25,5538.5,5539.25,1688,3240,25
2024-07-01,06:15:00,5539.0,5540.75,5539.0,5540.0,1093,1767,0
2024-07-01,06:30:00,5540.0,5541.0,5537.75,5538.25,1008,1602,0
2024-07-01,06:45:00,5538.5,5540.25,5537.75,5539.0,1026,1834,25
2024-07-01,07:00:00,5539.25,5541.25,5538.5,5540.25,2492,4479,25
2024-07-01,07:15:00,5540.25,5540.5,5535.5,5535.5,2093,3782,25
2024-07-01,07:30:00,5535.75,5536.5,5531.0,5531.75,2648,5077,0
2024-07-01,07:45:00,5531.75,5534.25,5525.5,5528.5,2825,4864,25
2024-07-01,08:00:00,5528.5,5533.5,5528.0,5531.25,2607,4658,0
2024-07-01,08:15:00,5531.5,5534.25,5531.25,5533.75,1324,2316,25
2024-07-01,08:30:00,5533.75,5536.0,5523.75,5525.5,3307,6137,25
2024-07-01,08:45:00,5525.5,5529.5,5525.5,5525.5,1911,3434,0
2024-07-01,09:00:00,5525.5,5526.0,5521.0,5522.0,2167,3872,0
2024-07-01,09:15:00,5522.5,5525.25,5521.75,5522.75,1682,2825,25
2024-07-01,09:30:00,5522.75,5528.5,5522.25,5526.5,1453,2452,25
2024-07-01,09:45:00,5526.5,5528.5,5524.25,5527.75,1266,2243,25
2024-07-01,10:00:00,5527.75,5530.25,5527.5,5529.25,1027,1639,25
2024-07-01,10:15:00,5529.25,5530.25,5527.25,5528.25,932,1568,25
2024-07-01,10:30:00,5528.5,5529.25,5526.5,5528.75,909,1678,25
2024-07-01,10:45:00,5528.75,5532.25,5528.25,5531.25,1098,1944,25
2024-07-01,11:00:00,5531.25,5533.75,5530.5,5533.25,1194,2420,25
2024-07-01,11:15:00,5533.25,5534.75,5532.75,5533.0,1192,2161,25
2024-07-01,11:30:00,5533.25,5536.25,5532.75,5534.5,1547,2717,25
2024-07-01,11:45:00,5534.25,5536.0,5533.75,5535.5,877,1490,25
2024-07-01,12:00:00,5535.25,5537.75,5533.5,5534.5,2004,3344,25
2024-07-01,12:15:00,5534.5,5537.25,5533.75,5535.25,1667,2911,25
2024-07-01,12:30:00,5535.0,5536.0,5530.25,5531.75,2750,5092,0
2024-07-01,12:45:00,5531.5,5535.75,5531.25,5534.25,2647,4934,0
2024-07-01,13:00:00,5534.25,5536.5,5529.75,5529.75,3373,5508,0
2024-07-01,13:15:00,5530.0,5537.5,5528.5,5537.0,4455,8142,0
2024-07-01,13:30:00,5537.0,5539.25,5530.25,5531.0,18575,40335,0
2024-07-01,13:45:00,5531.0,5532.25,5521.0,5531.25,20304,46386,0
2024-07-01,14:00:00,5531.5,5534.75,5507.0,5507.25,30984,61626,0
2024-07-01,14:15:00,5507.0,5524.75,5505.5,5523.25,26153,58803,0
2024-07-01,14:30:00,5523.25,5524.25,5507.75,5514.0,20625,43292,0
2024-07-01,14:45:00,5514.25,5515.5,5504.5,5512.75,18138,43094,0
2024-07-01,15:00:00,5513.0,5519.0,5508.0,5518.5,15291,36244,0
2024-07-01,15:15:00,5518.5,5522.5,5513.5,5522.0,10307,23342,0
2024-07-01,15:30:00,5522.0,5522.5,5516.25,5516.75,8525,20443,25
2024-07-01,15:45:00,5516.75,5525.0,5516.75,5524.75,7131,16626,0
2024-07-01,16:00:00,5524.75,5524.75,5519.5,5522.5,3765,9951,0
2024-07-01,16:15:00,5522.25,5533.0,5522.0,5532.75,2047,5161,25
2024-07-01,16:30:00,5532.5,5533.75,5530.0,5533.25,4902,12803,0
2024-07-01,16:45:00,5533.25,5534.5,5528.75,5530.75,6079,14248,25
2024-07-01,17:00:00,5530.75,5532.75,5527.25,5530.25,6160,13449,0
2024-07-01,17:15:00,5530.25,5533.25,5526.75,5531.0,6507,15543,25
2024-07-01,17:30:00,5531.0,5533.25,5529.25,5532.25,4125,10881,0
2024-07-01,17:45:00,5532.25,5533.25,5528.5,5530.0,4157,11106,0
2024-07-01,18:00:00,5530.0,5535.75,5525.75,5534.5,9758,23200,0
2024-07-01,18:15:00,5534.5,5537.5,5528.25,5528.75,8639,19885,25
2024-07-01,18:30:00,5528.75,5530.5,5525.25,5530.0,6558,17188,0
2024-07-01,18:45:00,5530.25,5530.5,5526.25,5528.0,4569,11580,25
2024-07-01,19:00:00,5528.0,5532.25,5525.75,5531.0,6136,16107,0
2024-07-01,19:15:00,5531.0,5531.0,5518.25,5523.75,10971,30273,0
2024-07-01,19:30:00,5523.5,5530.5,5523.25,5527.75,7904,22062,25
2024-07-01,19:45:00,5527.75,5539.25,5526.25,5533.75,16473,47888,0
2024-07-01,20:00:00,5533.75,5535.0,5531.75,5532.0,4323,10849,0
2024-07-01,20:15:00,5532.0,5533.0,5531.25,5532.5,684,1266,0
2024-07-01,20:30:00,5532.25,5532.5,5531.75,5532.0,662,1396,25
2024-07-01,20:45:00,5532.25,5533.0,5531.5,5532.25,758,1854,25
2024-07-01,22:00:00,5532.5,5534.5,5531.5,5534.0,716,1774,25
2024-07-01,22:15:00,5533.75,5534.25,5532.0,5532.25,360,616,25
2024-07-01,22:30:00,5532.25,5532.5,5531.5,5532.25,307,531,25
2024-07-01,22:45:00,5532.5,5532.5,5529.75,5530.25,509,790,25
2024-07-01,23:00:00,5530.25,5530.5,5527.75,5528.0,788,1390,25
2024-07-01,23:15:00,5528.25,5530.25,5528.0,5529.5,382,590,25
2024-07-01,23:30:00,5529.25,5529.25,5527.0,5528.0,599,975,25
2024-07-01,23:45:00,5527.75,5529.25,5527.25,5529.0,416,692,25
2024-07-02,00:00:00,5529.0,5530.0,5527.5,5528.0,588,972,0
2024-07-02,00:15:00,5528.0,5528.0,5522.5,5523.75,1960,3503,25
2024-07-02,00:30:00,5523.75,5524.25,5520.75,5522.75,1057,1887,25
2024-07-02,00:45:00,5522.75,5524.75,5522.0,5524.5,942,1581,25
2024-07-02,01:00:00,5524.5,5525.0,5523.25,5524.25,707,1168,0
2024-07-02,01:15:00,5524.0,5525.0,5523.25,5524.75,568,926,0
2024-07-02,01:30:00,5524.5,5526.0,5524.25,5525.5,732,1252,25
2024-07-02,01:45:00,5525.75,5526.5,5523.75,5524.75,706,1232,25
2024-07-02,02:00:00,5525.0,5526.25,5524.25,5525.5,416,729,25
2024-07-02,02:15:00,5525.5,5525.5,5522.5,5522.75,439,742,25
2024-07-02,02:30:00,5522.75,5523.0,5520.5,5520.75,1025,1871,25
2024-07-02,02:45:00,5520.75,5521.75,5519.25,5521.5,788,1355,0
2024-07-02,03:00:00,5521.5,5522.25,5519.25,5520.25,719,1270,25
2024-07-02,03:15:00,5520.25,5520.75,5519.0,5520.25,488,900,25
2024-07-02,03:30:00,5520.25,5521.5,5519.75,5521.25,473,831,25
2024-07-02,03:45:00,5521.0,5522.0,5520.0,5521.75,487,933,25
2024-07-02,04:00:00,5521.75,5522.5,5521.0,5522.25,400,768,25
2024-07-02,04:15:00,5522.25,5523.5,5521.75,5523.0,334,519,25
2024-07-02,04:30:00,5523.0,5524.0,5522.5,5522.5,364,677,25
2024-07-02,04:45:00,5522.75,5523.0,5522.25,5522.75,282,570,25
2024-07-02,05:00:00,5523.0,5523.0,5521.75,5522.75,333,601,25
2024-07-02,05:15:00,5522.75,5524.25,5522.25,5524.25,403,821,25
2024-07-02,05:30:00,5524.25,5527.5,5524.0,5527.0,896,1762,25
2024-07-02,05:45:00,5527.25,5527.5,5526.0,5526.75,476,889,0
2024-07-02,06:00:00,5526.75,5528.0,5524.0,5524.5,1129,2075,0
2024-07-02,06:15:00,5524.5,5525.0,5522.25,5524.75,776,1331,25
2024-07-02,06:30:00,5524.5,5524.5,5521.25,5523.0,873,1689,0
2024-07-02,06:45:00,5523.0,5524.25,5520.0,5521.5,989,1839,0
2024-07-02,07:00:00,5521.25,5521.25,5514.25,5515.0,3590,6734,25
2024-07-02,07:15:00,5515.25,5516.0,5512.0,5513.25,2714,5180,25
2024-07-02,07:30:00,5513.25,5514.75,5508.5,5509.75,2634,4929,25
2024-07-02,07:45:00,5510.0,5515.25,5509.0,5514.5,2111,3996,0
2024-07-02,08:00:00,5514.5,5515.5,5511.75,5514.5,2266,4413,25
2024-07-02,08:15:00,5514.5,5516.25,5510.0,5510.25,1989,4249,25
2024-07-02,08:30:00,5510.25,5513.0,5508.0,5510.0,1782,3205,25
2024-07-02,08:45:00,5510.0,5514.25,5509.75,5513.5,1223,2189,0
2024-07-02,09:00:00,5513.5,5515.75,5512.25,5514.25,1381,2741,25
2024-07-02,09:15:00,5514.25,5515.25,5509.25,5512.5,1635,2907,25
2024-07-02,09:30:00,5512.75,5512.75,5509.25,5509.5,1036,1895,25
2024-07-02,09:45:00,5509.25,5513.75,5509.25,5512.0,1178,2255,25
2024-07-02,10:00:00,5512.0,5513.0,5510.75,5512.0,1069,3259,25
2024-07-02,10:15:00,5512.25,5512.5,5510.5,5512.25,902,2303,25
2024-07-02,10:30:00,5512.0,5514.75,5510.75,5514.75,851,1511,0
2024-07-02,10:45:00,5514.5,5515.0,5512.75,5513.0,937,1889,25
2024-07-02,11:00:00,5513.5,5513.75,5507.0,5508.25,2220,4261,25
2024-07-02,11:15:00,5508.5,5509.25,5505.5,5508.25,2145,4029,25
2024-07-02,11:30:00,5508.0,5509.75,5505.75,5506.0,1854,3634,25
2024-07-02,11:45:00,5506.0,5508.75,5502.75,5508.75,3281,6013,0
2024-07-02,12:00:00,5508.75,5511.75,5506.75,5511.75,2645,4552,0
2024-07-02,12:15:00,5511.75,5512.5,5510.75,5511.5,1918,3305,25
2024-07-02,12:30:00,5511.25,5513.25,5508.25,5508.75,3144,5131,25
2024-07-02,12:45:00,5508.75,5512.0,5508.25,5511.5,2637,5065,25
2024-07-02,13:00:00,5511.5,5515.0,5510.75,5514.25,4734,8475,25
2024-07-02,13:15:00,5514.25,5517.75,5513.75,5516.0,3955,8487,25
2024-07-02,13:30:00,5516.25,5536.0,5515.0,5531.0,28794,69147,0
2024-07-02,13:45:00,5530.75,5535.0,5525.75,5531.5,17565,43264,0
2024-07-02,14:00:00,5531.5,5536.25,5523.75,5528.75,26239,52492,0
2024-07-02,14:15:00,5528.75,5532.75,5525.5,5532.5,14025,36220,0
2024-07-02,14:30:00,5532.25,5538.25,5531.75,5532.0,13991,34655,25
2024-07-02,14:45:00,5532.25,5539.0,5530.0,5536.75,12681,29899,0
2024-07-02,15:00:00,5536.75,5539.5,5535.5,5537.75,6745,17445,25
2024-07-02,15:15:00,5537.75,5540.5,5533.5,5540.0,9217,23294,25
2024-07-02,15:30:00,5539.75,5544.5,5539.25,5541.5,10985,28716,0
2024-07-02,15:45:00,5541.75,5543.0,5534.25,5535.5,7601,20882,0
2024-07-02,16:00:00,5535.5,5536.25,5530.25,5532.75,9847,27401,0
2024-07-02,16:15:00,5532.75,5538.25,5532.0,5537.5,5795,15079,0
2024-07-02,16:30:00,5537.25,5538.0,5535.0,5536.0,4219,11221,25
2024-07-02,16:45:00,5536.0,5539.25,5536.0,5539.0,3399,9133,0
2024-07-02,17:00:00,5539.0,5547.75,5537.75,5546.0,10107,26867,0
2024-07-02,17:15:00,5546.25,5548.5,5545.0,5545.75,5451,14541,0
2024-07-02,17:30:00,5545.75,5548.75,5543.5,5547.0,6245,16149,0
2024-07-02,17:45:00,5547.25,5554.0,5546.5,5551.75,7817,19937,25
2024-07-02,18:00:00,5551.75,5557.5,5551.5,5555.5,6087,14787,0
2024-07-02,18:15:00,5555.75,5558.25,5554.0,5556.25,4548,11510,25
2024-07-02,18:30:00,5556.5,5557.5,5554.75,5556.5,4110,11084,0
2024-07-02,18:45:00,5556.5,5559.0,5555.25,5555.5,4526,12156,0
2024-07-02,19:00:00,5555.5,5557.75,5554.0,5557.25,4809,14347,25
2024-07-02,19:15:00,5557.0,5560.0,5555.0,5558.5,5046,13912,25
2024-07-02,19:30:00,5558.5,5561.0,5557.5,5560.25,6226,19341,0
2024-07-02,19:45:00,5560.0,5569.75,5557.0,5569.5,17383,51777,0
2024-07-02,20:00:00,5569.5,5569.75,5562.5,5565.5,5773,14385,25
2024-07-02,20:15:00,5565.5,5565.5,5563.5,5563.5,785,1414,25
2024-07-02,20:30:00,5563.5,5564.0,5561.25,5561.75,1136,2304,25
2024-07-02,20:45:00,5561.5,5562.75,5560.75,5562.25,1017,2117,25
2024-07-02,22:00:00,5563.0,5563.75,5561.0,5562.5,967,1692,0
2024-07-02,22:15:00,5562.25,5564.75,5562.0,5564.5,516,746,0
2024-07-02,22:30:00,5564.5,5565.75,5564.25,5565.25,528,985,25
2024-07-02,22:45:00,5565.0,5565.5,5564.5,5565.0,282,471,25
2024-07-02,23:00:00,5564.75,5565.75,5564.0,5564.0,353,681,25
2024-07-02,23:15:00,5564.0,5564.5,5562.25,5562.25,498,871,25
2024-07-02,23:30:00,5562.25,5562.75,5561.25,5562.0,346,675,25
2024-07-02,23:45:00,5561.75,5562.25,5561.0,5562.25,420,681,25
2024-07-03,00:00:00,5562.25,5565.25,5562.0,5564.75,837,1434,25
2024-07-03,00:15:00,5564.75,5566.5,5564.5,5565.0,798,1412,25
2024-07-03,00:30:00,5565.25,5566.5,5564.75,5565.75,419,729,25
2024-07-03,00:45:00,5565.75,5566.25,5564.5,5564.75,332,569,25
2024-07-03,01:00:00,5564.75,5565.0,5563.75,5564.0,426,733,25
2024-07-03,01:15:00,5563.75,5564.25,5563.0,5564.0,379,743,25
2024-07-03,01:30:00,5564.0,5564.0,5562.25,5562.5,528,886,0
2024-07-03,01:45:00,5562.5,5563.25,5561.25,5563.0,553,926,25
2024-07-03,02:00:00,5562.75,5564.0,5562.75,5563.5,357,701,25
2024-07-03,02:15:00,5563.25,5564.5,5563.0,5564.25,377,731,25
2024-07-03,02:30:00,5564.0,5564.25,5561.25,5561.5,442,760,25
2024-07-03,02:45:00,5561.5,5563.5,5561.5,5563.5,313,562,25
2024-07-03,03:00:00,5563.5,5565.0,5563.5,5564.75,330,609,25
2024-07-03,03:15:00,5564.75,5564.75,5559.75,5560.25,1120,2200,25
2024-07-03,03:30:00,5560.25,5562.25,5560.25,5562.0,514,1003,25
2024-07-03,03:45:00,5562.0,5562.0,5560.75,5561.25,161,226,25
2024-07-03,04:00:00,5561.25,5563.0,5561.25,5562.75,206,302,25
2024-07-03,04:15:00,5563.0,5563.25,5562.75,5563.25,133,206,25
2024-07-03,04:30:00,5563.5,5564.25,5563.0,5563.75,232,401,25
2024-07-03,04:45:00,5563.75,5564.25,5562.75,5563.75,353,704,25
2024-07-03,05:00:00,5563.75,5564.0,5562.25,5562.75,338,694,25
2024-07-03,05:15:00,5562.5,5564.0,5561.75,5563.0,489,1048,25
2024-07-03,05:30:00,5562.75,5563.5,5562.5,5563.0,334,626,25
2024-07-03,05:45:00,5563.0,5563.0,5561.75,5563.0,321,562,25
2024-07-03,06:00:00,5563.25,5566.0,5563.0,5565.25,1397,2901,0
2024-07-03,06:15:00,5565.5,5565.75,5563.5,5565.0,908,1821,25
2024-07-03,06:30:00,5565.0,5565.25,5564.0,5564.5,440,812,25
2024-07-03,06:45:00,5564.5,5566.25,5564.0,5565.25,575,1189,25
2024-07-03,07:00:00,5565.25,5565.5,5563.5,5565.0,1268,2922,25
2024-07-03,07:15:00,5565.0,5567.25,5564.5,5567.0,1178,2285,25
2024-07-03,07:30:00,5567.25,5568.5,5565.75,5566.75,1084,2216,25
2024-07-03,07:45:00,5566.5,5566.75,5564.5,5565.5,947,1553,25
2024-07-03,08:00:00,5565.5,5566.75,5564.0,5565.5,894,1482,25
2024-07-03,08:15:00,5565.75,5567.75,5565.25,5566.5,796,1458,25
2024-07-03,08:30:00,5566.5,5571.75,5566.5,5570.25,1514,2719,25
2024-07-03,08:45:00,5570.5,5572.25,5569.25,5569.25,1421,2839,25
2024-07-03,09:00:00,5569.25,5570.5,5568.75,5569.25,759,1534,25
2024-07-03,09:15:00,5569.25,5570.5,5569.0,5569.75,627,1113,25
2024-07-03,09:30:00,5569.75,5570.75,5568.5,5570.25,720,1556,25
2024-07-03,09:45:00,5570.5,5571.5,5569.25,5570.25,692,1304,25
2024-07-03,10:00:00,5570.0,5570.5,5568.75,5569.75,759,1543,25
2024-07-03,10:15:00,5569.75,5571.25,5569.0,5571.0,503,964,25
2024-07-03,10:30:00,5570.75,5571.5,5569.75,5571.0,520,979,25
2024-07-03,10:45:00,5571.0,5571.25,5569.5,5569.5,621,1329,25
2024-07-03,11:00:00,5569.5,5571.25,5568.75,5569.0,828,1661,25
2024-07-03,11:15:00,5568.75,5569.25,5567.5,5568.5,981,1813,25
2024-07-03,11:30:00,5568.75,5569.25,5567.0,5568.0,1065,2058,25
2024-07-03,11:45:00,5568.0,5569.0,5566.5,5568.5,994,1781,25
2024-07-03,12:00:00,5568.5,5569.5,5564.0,5565.25,2266,4348,0
2024-07-03,12:15:00,5565.25,5566.25,5561.5,5563.0,2803,4596,25
2024-07-03,12:30:00,5563.0,5564.75,5560.0,5561.5,4201,6468,25
2024-07-03,12:45:00,5561.5,5563.75,5560.5,5561.5,2469,4061,0
2024-07-03,13:00:00,5561.5,5562.25,5560.75,5561.75,2048,3511,25
2024-07-03,13:15:00,5561.75,5565.0,5561.25,5564.0,3791,7121,0
2024-07-03,13:30:00,5564.25,5572.0,5563.75,5570.5,16839,41620,0
2024-07-03,13:45:00,5570.25,5574.5,5569.0,5574.0,10502,25597,0
2024-07-03,14:00:00,5574.0,5579.25,5566.5,5576.0,22182,40950,0
2024-07-03,14:15:00,5576.0,5577.25,5568.25,5569.75,11852,28939,0
2024-07-03,14:30:00,5569.5,5575.0,5568.75,5574.0,9890,22844,0
2024-07-03,14:45:00,5574.0,5577.25,5573.25,5575.75,7824,21886,0
2024-07-03,15:00:00,5575.75,5579.5,5572.25,5579.0,8078,22325,0
2024-07-03,15:15:00,5579.25,5582.5,5577.5,5577.75,9400,25519,0
2024-07-03,15:30:00,5577.75,5579.5,5576.25,5578.75,5800,16021,0
2024-07-03,15:45:00,5578.75,5581.5,5577.25,5581.25,5483,15969,0
2024-07-03,16:00:00,5581.25,5586.25,5580.5,5585.75,7121,19641,0
2024-07-03,16:15:00,5585.75,5589.75,5585.25,5588.5,6454,15962,25
2024-07-03,16:30:00,5588.5,5588.75,5584.75,5585.0,6037,16372,25
2024-07-03,16:45:00,5585.0,5595.5,5582.75,5590.75,12898,34206,0
2024-07-03,17:00:00,5590.75,5592.5,5589.0,5590.5,4591,9178,25
2024-07-03,22:00:00,5590.5,5591.25,5586.25,5588.5,1283,2338,25
2024-07-03,22:15:00,5588.25,5591.0,5588.0,5590.5,462,715,25
2024-07-03,22:30:00,5590.5,5591.5,5590.25,5590.5,343,475,25
2024-07-03,22:45:00,5590.75,5591.0,5588.5,5589.25,304,490,25
2024-07-03,23:00:00,5589.25,5590.75,5589.25,5590.75,220,362,25
2024-07-03,23:15:00,5590.5,5591.5,5590.0,5590.75,198,316,25
2024-07-03,23:30:00,5590.75,5591.0,5590.0,5590.0,157,256,25
2024-07-03,23:45:00,5590.25,5592.25,5590.0,5590.75,504,789,25
